sequence,monotonic_ns,elapsed_ms,publish_gap_ms,phase,offboard_subscriptions,setpoint_subscriptions,command_subscriptions,arming_state,nav_state,failsafe,target_x,target_y,target_z,actual_x,actual_y,actual_z
1,3164714778063,508.079,,PREROLL,1,1,1,1,15,0,0.0017,0.0002,0.3134,0.0017,0.0002,0.3134
2,3164820108440,613.409,105.330,PREROLL,1,1,1,1,15,0,0.0017,0.0002,0.3134,0.0017,0.0005,0.3136
3,3164919287598,712.588,99.179,PREROLL,1,1,1,1,15,0,0.0017,0.0002,0.3134,0.0018,0.0003,0.3137
4,3165019643032,812.944,100.355,PREROLL,1,1,1,1,15,0,0.0017,0.0002,0.3134,0.0017,0.0004,0.3139
5,3165116657016,909.958,97.014,PREROLL,1,1,1,1,15,0,0.0017,0.0002,0.3134,0.0017,0.0002,0.3138
6,3165216827886,1010.129,100.171,PREROLL,1,1,1,1,15,0,0.0017,0.0002,0.3134,0.0018,0.0005,0.3144
7,3165317387499,1110.688,100.560,PREROLL,1,1,1,1,15,0,0.0017,0.0002,0.3134,0.0019,0.0002,0.3146
8,3165419171355,1212.472,101.784,PREROLL,1,1,1,1,15,0,0.0017,0.0002,0.3134,0.0021,-0.0002,0.3148
9,3165515480647,1308.781,96.309,PREROLL,1,1,1,1,15,0,0.0017,0.0002,0.3134,0.0021,-0.0003,0.3154
10,3165616792181,1410.093,101.312,PREROLL,1,1,1,1,15,0,0.0017,0.0002,0.3134,0.0023,-0.0005,0.3158
11,3165716530631,1509.831,99.738,PREROLL,1,1,1,1,15,0,0.0017,0.0002,0.3134,0.0025,-0.0007,0.3159
12,3165815963148,1609.264,99.433,PREROLL,1,1,1,1,15,0,0.0017,0.0002,0.3134,0.0025,-0.0007,0.3156
13,3165915251710,1708.553,99.289,PREROLL,1,1,1,1,15,0,0.0017,0.0002,0.3134,0.0028,-0.0009,0.3151
14,3166015422264,1808.723,100.171,PREROLL,1,1,1,1,15,0,0.0017,0.0002,0.3134,0.0029,-0.0009,0.3148
15,3166115144334,1908.445,99.722,PREROLL,1,1,1,1,15,0,0.0017,0.0002,0.3134,0.0032,-0.0007,0.3151
16,3166215600278,2008.901,100.456,PREROLL,1,1,1,1,15,0,0.0017,0.0002,0.3134,0.0057,-0.0029,0.3144
17,3166320133403,2113.434,104.533,PREROLL,1,1,1,1,15,0,0.0017,0.0002,0.3134,0.0075,-0.0040,0.3148
18,3166419151454,2212.452,99.018,PREROLL,1,1,1,1,15,0,0.0017,0.0002,0.3134,0.0097,-0.0056,0.3153
19,3166519834487,2313.135,100.683,PREROLL,1,1,1,1,15,0,0.0017,0.0002,0.3134,0.0116,-0.0070,0.3161
20,3166620071821,2413.373,100.237,PREROLL,1,1,1,1,15,0,0.0017,0.0002,0.3134,0.0135,-0.0085,0.3174
21,3166719862015,2513.163,99.790,REQUEST_OFFBOARD_DISARMED,1,1,1,1,15,0,0.0017,0.0002,0.3134,0.0154,-0.0099,0.3189
22,3166815167471,2608.468,95.305,REQUEST_OFFBOARD_DISARMED,1,1,1,1,15,0,0.0017,0.0002,0.3134,0.0172,-0.0113,0.3201
23,3166915328205,2708.629,100.161,REQUEST_OFFBOARD_DISARMED,1,1,1,1,14,0,0.0017,0.0002,0.3134,0.0190,-0.0127,0.3210
24,3167015536104,2808.837,100.208,REQUEST_OFFBOARD_DISARMED,1,1,1,1,14,0,0.0017,0.0002,0.3134,0.0204,-0.0138,0.3228
25,3167119437209,2912.738,103.901,REQUEST_OFFBOARD_DISARMED,1,1,1,1,14,0,0.0017,0.0002,0.3134,0.0220,-0.0148,0.3241
26,3167215796681,3009.098,96.359,REQUEST_OFFBOARD_DISARMED,1,1,1,1,14,0,0.0017,0.0002,0.3134,0.0232,-0.0156,0.3246
27,3167319749302,3113.050,103.953,REQUEST_OFFBOARD_DISARMED,1,1,1,1,14,0,0.0017,0.0002,0.3134,0.0232,-0.0156,0.3246
28,3167418404244,3211.705,98.655,REQUEST_OFFBOARD_DISARMED,1,1,1,1,14,0,0.0017,0.0002,0.3134,0.0245,-0.0165,0.3247
29,3167515453912,3308.755,97.050,REQUEST_OFFBOARD_DISARMED,1,1,1,1,14,0,0.0017,0.0002,0.3134,0.0230,-0.0156,0.3265
30,3167614848263,3408.149,99.394,REQUEST_OFFBOARD_DISARMED,1,1,1,1,14,0,0.0017,0.0002,0.3134,0.0157,-0.0107,0.3276
31,3167715114879,3508.416,100.267,REQUEST_OFFBOARD_DISARMED,1,1,1,1,14,0,0.0017,0.0002,0.3134,0.0101,-0.0071,0.3285
32,3167815386294,3608.687,100.271,REQUEST_OFFBOARD_DISARMED,1,1,1,1,14,0,0.0017,0.0002,0.3134,0.0062,-0.0044,0.3290
33,3167915101908,3708.403,99.716,REQUEST_OFFBOARD_DISARMED,1,1,1,1,14,0,0.0017,0.0002,0.3134,0.0033,-0.0025,0.3291
34,3168015188443,3808.489,100.087,REQUEST_OFFBOARD_DISARMED,1,1,1,1,14,0,0.0017,0.0002,0.3134,0.0011,-0.0009,0.3292
35,3168115003762,3908.305,99.815,REQUEST_OFFBOARD_DISARMED,1,1,1,1,14,0,0.0017,0.0002,0.3134,-0.0003,0.0002,0.3300
36,3168215876327,4009.177,100.873,REQUEST_OFFBOARD_DISARMED,1,1,1,1,14,0,0.0017,0.0002,0.3134,-0.0014,0.0010,0.3308
37,3168316536937,4109.838,100.661,REQUEST_OFFBOARD_DISARMED,1,1,1,1,14,0,0.0017,0.0002,0.3134,-0.0022,0.0017,0.3314
38,3168416097553,4209.398,99.561,REQUEST_OFFBOARD_DISARMED,1,1,1,1,14,0,0.0017,0.0002,0.3134,-0.0026,0.0021,0.3318
39,3168517114877,4310.416,101.017,REQUEST_OFFBOARD_DISARMED,1,1,1,1,14,0,0.0017,0.0002,0.3134,-0.0030,0.0027,0.3325
40,3168620237251,4413.538,103.122,REQUEST_OFFBOARD_DISARMED,1,1,1,1,14,0,0.0017,0.0002,0.3134,-0.0031,0.0028,0.3334
41,3168715875876,4509.177,95.639,REQUEST_OFFBOARD_DISARMED,1,1,1,1,14,0,0.0017,0.0002,0.3134,-0.0032,0.0029,0.3344
42,3168814936620,4608.237,99.061,REQUEST_OFFBOARD_DISARMED,1,1,1,1,14,0,0.0017,0.0002,0.3134,-0.0032,0.0030,0.3344
43,3168919720971,4713.022,104.784,REQUEST_OFFBOARD_DISARMED,1,1,1,1,14,0,0.0017,0.0002,0.3134,-0.0031,0.0028,0.3344
44,3169015654877,4808.956,95.934,REQUEST_OFFBOARD_DISARMED,1,1,1,1,14,0,0.0017,0.0002,0.3134,-0.0031,0.0028,0.3340
45,3169115326562,4908.627,99.672,REQUEST_OFFBOARD_DISARMED,1,1,1,1,14,0,0.0017,0.0002,0.3134,-0.0028,0.0025,0.3342
46,3169215433131,5008.734,100.107,REQUEST_OFFBOARD_DISARMED,1,1,1,1,14,0,0.0017,0.0002,0.3134,-0.0027,0.0024,0.3342
47,3169316363200,5109.664,100.930,REQUEST_OFFBOARD_DISARMED,1,1,1,1,14,0,0.0017,0.0002,0.3134,-0.0025,0.0022,0.3339
48,3169419308756,5212.610,102.946,REQUEST_OFFBOARD_DISARMED,1,1,1,1,14,0,0.0017,0.0002,0.3134,-0.0023,0.0019,0.3337
49,3169516526101,5309.827,97.217,REQUEST_OFFBOARD_DISARMED,1,1,1,1,14,0,0.0017,0.0002,0.3134,-0.0023,0.0018,0.3336
50,3169615427915,5408.729,98.902,REQUEST_OFFBOARD_DISARMED,1,1,1,1,14,0,0.0017,0.0002,0.3134,-0.0021,0.0015,0.3331
51,3169719915869,5513.217,104.488,REQUEST_OFFBOARD_DISARMED,1,1,1,1,14,0,0.0017,0.0002,0.3134,-0.0021,0.0014,0.3330
52,3169819953387,5613.254,100.038,REQUEST_OFFBOARD_DISARMED,1,1,1,1,14,0,0.0017,0.0002,0.3134,-0.0021,0.0013,0.3328
53,3169919994171,5713.295,100.041,REQUEST_OFFBOARD_DISARMED,1,1,1,1,14,0,0.0017,0.0002,0.3134,-0.0019,0.0012,0.3321
54,3170015190560,5808.491,95.196,REQUEST_OFFBOARD_DISARMED,1,1,1,1,14,0,0.0017,0.0002,0.3134,-0.0020,0.0013,0.3309
55,3170119731283,5913.032,104.541,REQUEST_OFFBOARD_DISARMED,1,1,1,1,14,0,0.0017,0.0002,0.3134,-0.0018,0.0012,0.3293
56,3170219755973,6013.057,100.025,REQUEST_OFFBOARD_DISARMED,1,1,1,1,14,0,0.0017,0.0002,0.3134,-0.0018,0.0013,0.3279
57,3170319846098,6113.147,100.090,REQUEST_OFFBOARD_DISARMED,1,1,1,1,14,0,0.0017,0.0002,0.3134,-0.0017,0.0014,0.3268
58,3170416577813,6209.879,96.732,REQUEST_OFFBOARD_DISARMED,1,1,1,1,14,0,0.0017,0.0002,0.3134,-0.0015,0.0015,0.3261
59,3170515695361,6308.996,99.118,REQUEST_OFFBOARD_DISARMED,1,1,1,1,14,0,0.0017,0.0002,0.3134,-0.0016,0.0018,0.3264
60,3170615196788,6408.498,99.501,REQUEST_OFFBOARD_DISARMED,1,1,1,1,14,0,0.0017,0.0002,0.3134,-0.0014,0.0018,0.3270
61,3170715978102,6509.279,100.781,REQUEST_OFFBOARD_DISARMED,1,1,1,1,14,0,0.0017,0.0002,0.3134,-0.0013,0.0019,0.3273
62,3170819411599,6612.712,103.433,REQUEST_OFFBOARD_DISARMED,1,1,1,1,14,0,0.0017,0.0002,0.3134,-0.0012,0.0019,0.3273
63,3170918973346,6712.274,99.562,REQUEST_OFFBOARD_DISARMED,1,1,1,1,14,0,0.0017,0.0002,0.3134,-0.0009,0.0017,0.3278
64,3171015755909,6809.057,96.783,REQUEST_OFFBOARD_DISARMED,1,1,1,1,14,0,0.0017,0.0002,0.3134,-0.0010,0.0018,0.3278
65,3171115881108,6909.182,100.125,REQUEST_OFFBOARD_DISARMED,1,1,1,1,14,0,0.0017,0.0002,0.3134,-0.0008,0.0015,0.3272
66,3171215599645,7008.900,99.719,REQUEST_OFFBOARD_DISARMED,1,1,1,1,14,0,0.0017,0.0002,0.3134,-0.0009,0.0015,0.3270
67,3171314836260,7108.137,99.237,REQUEST_OFFBOARD_DISARMED,1,1,1,1,14,0,0.0017,0.0002,0.3134,-0.0008,0.0014,0.3268
68,3171414822748,7208.124,99.986,REQUEST_OFFBOARD_DISARMED,1,1,1,1,14,0,0.0017,0.0002,0.3134,-0.0007,0.0013,0.3265
69,3171515264087,7308.565,100.441,REQUEST_OFFBOARD_DISARMED,1,1,1,1,14,0,0.0017,0.0002,0.3134,-0.0007,0.0013,0.3264
70,3171620170007,7413.471,104.906,REQUEST_OFFBOARD_DISARMED,1,1,1,1,14,0,0.0017,0.0002,0.3134,-0.0006,0.0013,0.3266
71,3171719622640,7512.923,99.453,REQUEST_OFFBOARD_DISARMED,1,1,1,1,14,0,0.0017,0.0002,0.3134,-0.0007,0.0014,0.3263
