sequence,monotonic_ns,elapsed_ms,publish_gap_ms,ros_timestamp_us,subscription_count,arming_state,nav_state,nav_state_user_intention,failsafe
1,2458085281735,530.447,,1786607824916461,1,1,4,4,0
2,2458179214970,624.380,93.933,1786607825010402,1,1,4,4,0
3,2458264677395,709.842,85.462,1786607825095853,1,1,4,4,0
4,2458368384370,813.549,103.707,1786607825199570,1,1,4,4,0
5,2458483052397,928.217,114.668,1786607825314232,1,1,4,4,0
6,2458566406195,1011.571,83.354,1786607825397627,1,1,4,4,0
7,2458664527421,1109.692,98.121,1786607825495963,1,1,4,4,0
8,2458769577518,1214.743,105.050,1786607825600791,1,1,4,4,0
9,2458883232189,1328.397,113.655,1786607825714419,1,1,4,4,0
10,2458966441934,1411.607,83.210,1786607825797630,1,1,4,4,0
11,2459085132736,1530.298,118.691,1786607825916323,1,1,4,4,0
12,2459168501540,1613.667,83.369,1786607825999691,1,1,4,4,0
13,2459284434122,1729.599,115.933,1786607826115620,1,1,4,4,0
14,2459368090501,1813.256,83.656,1786607826199285,1,1,4,4,0
15,2459484468102,1929.633,116.378,1786607826315656,1,1,4,4,0
16,2459567731009,2012.896,83.263,1786607826398920,1,1,4,4,0
17,2459685039447,2130.204,117.308,1786607826516227,1,1,4,4,0
18,2459768246710,2213.412,83.207,1786607826599440,1,1,4,4,0
19,2459864650236,2309.815,96.404,1786607826695829,1,1,4,4,0
20,2459968363340,2413.528,103.713,1786607826799544,1,1,4,4,0
21,2460084341358,2529.506,115.978,1786607826915530,1,1,4,4,0
22,2460167417912,2612.583,83.077,1786607826998610,1,1,4,4,0
23,2460264995117,2710.160,97.577,1786607827096222,1,1,4,4,0
24,2460368835618,2814.001,103.841,1786607827200023,1,1,4,4,0
25,2460483272341,2928.437,114.437,1786607827314460,1,1,4,4,0
26,2460566718286,3011.883,83.446,1786607827397905,1,1,4,4,0
27,2460683193083,3128.358,116.475,1786607827514377,1,1,4,4,0
28,2460766393224,3211.558,83.200,1786607827597580,1,1,4,4,0
29,2460883876866,3329.042,117.484,1786607827715056,1,1,4,4,0
30,2460966966392,3412.131,83.090,1786607827798151,1,1,4,4,0
31,2461084729691,3529.895,117.763,1786607827915920,1,1,4,4,0
32,2461167851215,3613.016,83.122,1786607827999040,1,1,4,4,0
33,2461283742108,3728.907,115.891,1786607828114928,1,1,4,4,0
34,2461366909657,3812.075,83.168,1786607828198098,1,1,4,4,0
35,2461484068672,3929.234,117.159,1786607828315252,1,1,4,4,0
36,2461567299480,4012.464,83.231,1786607828398485,1,1,4,4,0
37,2461664962294,4110.127,97.663,1786607828496147,1,1,4,4,0
38,2461769054727,4214.220,104.092,1786607828600241,1,1,4,4,0
39,2461882905980,4328.071,113.851,1786607828714085,1,1,4,4,0
40,2461965954435,4411.119,83.048,1786607828797136,1,1,4,4,0
41,2462084441725,4529.607,118.487,1786607828915624,1,1,4,4,0
42,2462167413706,4612.579,82.972,1786607828998603,1,1,4,4,0
43,2462283928055,4729.093,116.514,1786607829115116,1,1,4,4,0
44,2462368457427,4813.622,84.529,1786607829199679,1,1,4,4,0
45,2462483319463,4928.484,114.862,1786607829314510,1,1,4,4,0
46,2462566587849,5011.753,83.268,1786607829397773,1,1,4,4,0
47,2462683509717,5128.675,116.922,1786607829514699,1,1,4,4,0
48,2462766740762,5211.906,83.231,1786607829598014,1,1,4,4,0
49,2462865136044,5310.301,98.395,1786607829696328,1,1,4,4,0
50,2462969131061,5414.296,103.995,1786607829800325,1,1,4,4,0
51,2463084560732,5529.726,115.430,1786607829915752,1,1,4,4,0
52,2463167713575,5612.879,83.153,1786607829998900,1,1,4,4,0
53,2463284276738,5729.442,116.563,1786607830115466,1,1,4,4,0
54,2463368106595,5813.272,83.830,1786607830199293,1,1,4,4,0
55,2463483555802,5928.721,115.449,1786607830314769,1,1,4,4,0
56,2463568364043,6013.529,84.808,1786607830399553,1,1,4,4,0
57,2463665292099,6110.457,96.928,1786607830496475,1,1,4,4,0
58,2463770395235,6215.560,105.103,1786607830601580,1,1,4,4,0
59,2463884380433,6329.545,113.985,1786607830715565,1,1,4,4,0
60,2463967635392,6412.800,83.255,1786607830798825,1,1,4,4,0
61,2464083395486,6528.560,115.760,1786607830914584,1,1,4,4,0
62,2464167198785,6612.364,83.803,1786607830998421,1,1,4,4,0
63,2464283375469,6728.540,116.177,1786607831114565,1,1,4,4,0
64,2464367413322,6812.578,84.038,1786607831198592,1,1,4,4,0
65,2464481960604,6927.126,114.547,1786607831313139,1,1,4,4,0
66,2464565889634,7011.055,83.929,1786607831397103,1,1,4,4,0
67,2464684102186,7129.267,118.213,1786607831515294,1,1,4,4,0
68,2464767225393,7212.390,83.123,1786607831598439,1,1,4,4,0
69,2464883603886,7328.769,116.378,1786607831714794,1,1,4,4,0
70,2464967013854,7412.179,83.410,1786607831798202,1,1,4,4,0
71,2465084207641,7529.373,117.194,1786607831915397,1,1,4,4,0
72,2465167333152,7612.498,83.126,1786607831998520,1,1,4,4,0
73,2465284115884,7729.281,116.783,1786607832115308,1,1,4,4,0
74,2465368226896,7813.392,84.111,1786607832199417,1,1,4,4,0
75,2465484267162,7929.432,116.040,1786607832315458,1,1,4,4,0
76,2465567865064,8013.030,83.598,1786607832399053,1,1,4,4,0
77,2465684212185,8129.377,116.347,1786607832515404,1,1,4,4,0
78,2465767797576,8212.963,83.585,1786607832598986,1,1,4,4,0
79,2465883939498,8329.105,116.142,1786607832715125,1,1,4,4,0
80,2465966890924,8412.056,82.951,1786607832798100,1,1,4,4,0
81,2466084372033,8529.537,117.481,1786607832915587,1,1,4,4,0
82,2466167543602,8612.709,83.172,1786607832998729,1,1,4,4,0
83,2466283114867,8728.280,115.571,1786607833114299,1,1,4,4,0
84,2466366055746,8811.221,82.941,1786607833197235,1,1,4,4,0
85,2466484852735,8930.018,118.797,1786607833316170,1,1,4,4,0
86,2466568768288,9013.933,83.916,1786607833399958,1,1,4,4,0
87,2466682986767,9128.152,114.218,1786607833514171,1,1,4,4,0
88,2466765938621,9211.104,82.952,1786607833597123,1,1,4,4,0
89,2466884118764,9329.284,118.180,1786607833715320,1,1,4,4,0
90,2466967247564,9412.413,83.129,1786607833798431,1,1,4,4,0
91,2467084330580,9529.496,117.083,1786607833915590,1,1,4,4,0
92,2467168777577,9613.943,84.447,1786607833999963,1,1,4,4,0
93,2467283504704,9728.670,114.727,1786607834114696,1,1,4,4,0
94,2467366395488,9811.560,82.891,1786607834197577,1,1,4,4,0
95,2467483386273,9928.551,116.991,1786607834314592,1,1,4,4,0
96,2467566214438,10011.379,82.828,1786607834397397,1,1,4,4,0
97,2467684252082,10129.417,118.038,1786607834515435,1,1,4,4,0
98,2467768647864,10213.813,84.396,1786607834599835,1,1,4,4,0
99,2467883643194,10328.808,114.995,1786607834714836,1,1,4,4,0
100,2467966799781,10411.965,83.157,1786607834797980,1,1,4,4,0
101,2468083618643,10528.784,116.819,1786607834914803,1,1,4,4,0
102,2468166790300,10611.955,83.172,1786607834997971,1,1,4,4,0
103,2468283545793,10728.711,116.755,1786607835114725,1,1,4,4,0
104,2468366547748,10811.713,83.002,1786607835197733,1,1,4,4,0
105,2468465229785,10910.395,98.682,1786607835296411,1,1,4,4,0
106,2468570623249,11015.788,105.393,1786607835401809,1,1,4,4,0
107,2468683206502,11128.372,112.583,1786607835514395,1,1,4,4,0
108,2468766433879,11211.599,83.227,1786607835597620,1,1,4,4,0
109,2468882916402,11328.081,116.483,1786607835714099,1,1,4,4,0
110,2468965879353,11411.044,82.963,1786607835797066,1,1,4,4,0
111,2469064530160,11509.695,98.651,1786607835895712,1,1,4,4,0
112,2469168569717,11613.735,104.040,1786607835999750,1,1,4,4,0
113,2469283857440,11729.022,115.288,1786607836115044,1,1,4,4,0
114,2469367841889,11813.007,83.984,1786607836199021,1,1,4,4,0
115,2469484759114,11929.924,116.917,1786607836315942,1,1,4,4,0
116,2469568741835,12013.907,83.983,1786607836399918,1,1,4,4,0
117,2469683989627,12129.155,115.248,1786607836515249,1,1,4,4,0
118,2469767024040,12212.189,83.034,1786607836598208,1,1,4,4,0
119,2469865425505,12310.591,98.401,1786607836696629,1,1,4,4,0
120,2469970477605,12415.643,105.052,1786607836801666,1,1,4,4,0
121,2470082790016,12527.955,112.312,1786607836913977,1,1,4,4,0
122,2470165737332,12610.902,82.947,1786607836996923,1,1,4,4,0
123,2470283075211,12728.240,117.338,1786607837114265,1,1,4,4,0
124,2470365822524,12810.988,82.747,1786607837197007,1,1,4,4,0
125,2470483595602,12928.761,117.773,1786607837314784,1,1,4,4,0
126,2470566750817,13011.916,83.155,1786607837397931,1,1,4,4,0
127,2470664520956,13109.686,97.770,1786607837495702,1,1,4,4,0
128,2470767986414,13213.151,103.465,1786607837599256,1,1,4,4,0
129,2470865505181,13310.670,97.519,1786607837696685,1,1,4,4,0
130,2470968963472,13414.128,103.458,1786607837800144,1,1,4,4,0
131,2471083979779,13529.145,115.016,1786607837915268,1,1,4,4,0
132,2471167147698,13612.313,83.168,1786607837998333,1,1,4,4,0
133,2471284248077,13729.413,117.100,1786607838115436,1,1,4,4,0
134,2471368078451,13813.243,83.830,1786607838199267,1,1,4,4,0
135,2471484261594,13929.427,116.183,1786607838315449,1,1,4,4,0
136,2471567146283,14012.311,82.885,1786607838398331,1,1,4,4,0
137,2471684141360,14129.306,116.995,1786607838515328,1,1,4,4,0
138,2471768666910,14213.832,84.526,1786607838599851,1,1,4,4,0
139,2471865605482,14310.770,96.939,1786607838696787,1,1,4,4,0
140,2471969624703,14414.790,104.019,1786607838800808,1,1,4,4,0
141,2472083029444,14528.194,113.405,1786607838914217,1,1,4,4,0
142,2472165899766,14611.065,82.870,1786607838997082,1,1,4,4,0
143,2472283104155,14728.269,117.204,1786607839114290,1,1,4,4,0
144,2472366158187,14811.323,83.054,1786607839197395,1,1,4,4,0
145,2472483174047,14928.339,117.016,1786607839314357,1,1,4,4,0
146,2472566494618,15011.660,83.321,1786607839397679,1,1,4,4,0
147,2472683072594,15128.238,116.578,1786607839514261,1,1,4,4,0
148,2472765941712,15211.107,82.869,1786607839597127,1,1,4,4,0
149,2472884416720,15329.582,118.475,1786607839715649,1,1,4,4,0
150,2472968249186,15413.414,83.832,1786607839799440,1,1,4,4,0
151,2473083297428,15528.462,115.048,1786607839914488,1,1,4,4,0
152,2473166427070,15611.592,83.130,1786607839997615,1,1,4,4,0
153,2473284855376,15730.020,118.428,1786607840116077,1,1,4,4,0
154,2473369059216,15814.224,84.204,1786607840200245,1,1,4,4,0
155,2473484229897,15929.395,115.171,1786607840315424,1,1,4,4,0
156,2473568284725,16013.450,84.055,1786607840399474,1,1,4,4,0
157,2473683153190,16128.318,114.868,1786607840514336,1,1,4,4,0
158,2473767215185,16212.380,84.062,1786607840598400,1,1,4,4,0
159,2473865417140,16310.582,98.202,1786607840696598,1,1,4,4,0
160,2473969386731,16414.552,103.970,1786607840800610,1,1,4,4,0
161,2474083617327,16528.782,114.231,1786607840914803,1,1,4,4,0
162,2474166734502,16611.900,83.117,1786607840997923,1,1,4,4,0
163,2474284760010,16729.925,118.026,1786607841115952,1,1,4,4,0
164,2474368163030,16813.328,83.403,1786607841199372,1,1,4,4,0
165,2474484427432,16929.592,116.264,1786607841315657,1,1,4,4,0
166,2474567665025,17012.830,83.238,1786607841398879,1,1,4,4,0
167,2474683817692,17128.983,116.153,1786607841515005,1,1,4,4,0
168,2474767252677,17212.418,83.435,1786607841598439,1,1,4,4,0
169,2474884178563,17329.344,116.926,1786607841715368,1,1,4,4,0
170,2474967145073,17412.310,82.967,1786607841798329,1,1,4,4,0
171,2475083944441,17529.109,116.799,1786607841915138,1,1,4,4,0
172,2475168414416,17613.579,84.470,1786607841999602,1,1,4,4,0
173,2475283737372,17728.902,115.323,1786607842114925,1,1,4,4,0
174,2475366714774,17811.880,82.977,1786607842197894,1,1,4,4,0
175,2475484332589,17929.498,117.618,1786607842315528,1,1,4,4,0
176,2475567687016,18012.852,83.354,1786607842398876,1,1,4,4,0
177,2475684229877,18129.395,116.543,1786607842515418,1,1,4,4,0
178,2475767280008,18212.445,83.050,1786607842598484,1,1,4,4,0
179,2475883802678,18328.968,116.523,1786607842714997,1,1,4,4,0
180,2475967118421,18412.283,83.316,1786607842798308,1,1,4,4,0
181,2476082064128,18527.229,114.946,1786607842913276,1,1,4,4,0
182,2476165022811,18610.188,82.959,1786607842996206,1,1,4,4,0
183,2476284365624,18729.531,119.343,1786607843115559,1,1,4,4,0
184,2476369227880,18814.393,84.862,1786607843200404,1,1,4,4,0
185,2476482505032,18927.670,113.277,1786607843313685,1,1,4,4,0
186,2476566625011,19011.790,84.120,1786607843397852,1,1,4,4,0
187,2476682988254,19128.153,116.363,1786607843514181,1,1,4,4,0
188,2476766446525,19211.612,83.458,1786607843597638,1,1,4,4,0
189,2476871010896,19316.176,104.564,1786607843702204,1,1,4,4,0
190,2476978702860,19423.868,107.692,1786607843809891,1,1,4,4,0
191,2477083618755,19528.784,104.916,1786607843914806,1,1,4,4,0
192,2477166943053,19612.108,83.324,1786607843998131,1,1,4,4,0
193,2477284330230,19729.495,117.387,1786607844115564,1,1,4,4,0
194,2477368102760,19813.268,83.773,1786607844199291,1,1,4,4,0
195,2477483594280,19928.759,115.492,1786607844314774,1,1,4,4,0
196,2477566890144,20012.055,83.296,1786607844398073,1,1,4,4,0
197,2477684453308,20129.618,117.563,1786607844515640,1,1,4,4,0
198,2477768542581,20213.708,84.089,1786607844599749,1,1,4,4,0
199,2477883063874,20328.229,114.521,1786607844714251,1,1,4,4,0
200,2477966181704,20411.347,83.118,1786607844797369,1,1,4,4,0
201,2478082696727,20527.862,116.515,1786607844913887,1,1,4,4,0
202,2478165718500,20610.884,83.022,1786607844996905,1,1,4,4,0
203,2478282714684,20727.880,116.996,1786607845113969,1,1,4,4,0
204,2478365617246,20810.782,82.903,1786607845196803,1,1,4,4,0
205,2478484831624,20929.997,119.214,1786607845316014,1,1,4,4,0
206,2478567828547,21012.994,82.997,1786607845399013,1,1,4,4,0
207,2478682521650,21127.687,114.693,1786607845513707,1,1,4,4,0
208,2478766732717,21211.898,84.211,1786607845597946,1,1,4,4,0
209,2478883410399,21328.575,116.678,1786607845714601,1,1,4,4,0
210,2478968201068,21413.366,84.791,1786607845799424,1,1,4,4,0
211,2479083563142,21528.728,115.362,1786607845915000,1,1,4,4,0
212,2479167294087,21612.459,83.731,1786607845998471,1,1,4,4,0
213,2479282329962,21727.495,115.036,1786607846113517,1,1,4,4,0
214,2479365586236,21810.751,83.256,1786607846196764,1,1,4,4,0
215,2479482926538,21928.092,117.340,1786607846314110,1,1,4,4,0
216,2479566767053,22011.932,83.841,1786607846397954,1,1,4,4,0
217,2479683849008,22129.014,117.082,1786607846515036,1,1,4,4,0
218,2479768585964,22213.751,84.737,1786607846599770,1,1,4,4,0
219,2479883389859,22328.555,114.804,1786607846714573,1,1,4,4,0
220,2479966436485,22411.601,83.047,1786607846797626,1,1,4,4,0
221,2480083014831,22528.180,116.578,1786607846914203,1,1,4,4,0
222,2480166164265,22611.329,83.149,1786607846997351,1,1,4,4,0
223,2480283852043,22729.017,117.688,1786607847115040,1,1,4,4,0
224,2480367018991,22812.184,83.167,1786607847198206,1,1,4,4,0
225,2480483323391,22928.488,116.304,1786607847314511,1,1,4,4,0
226,2480566481220,23011.646,83.158,1786607847397669,1,1,4,4,0
227,2480683308266,23128.473,116.827,1786607847514499,1,1,4,4,0
228,2480766904556,23212.070,83.596,1786607847598089,1,1,4,4,0
229,2480881962622,23327.128,115.058,1786607847713161,1,1,4,4,0
230,2480965175679,23410.341,83.213,1786607847796361,1,1,4,4,0
231,2481081887374,23527.052,116.712,1786607847913075,1,1,4,4,0
232,2481164740171,23609.905,82.853,1786607847995922,1,1,4,4,0
233,2481282661930,23727.827,117.922,1786607848113845,1,1,4,4,0
234,2481365732737,23810.898,83.071,1786607848196956,1,1,4,4,0
235,2481481454030,23926.619,115.721,1786607848312639,1,1,4,4,0
236,2481564416270,24009.581,82.962,1786607848395604,1,1,4,4,0
237,2481682816360,24127.981,118.400,1786607848514006,1,1,4,4,0
238,2481765927836,24211.093,83.111,1786607848597114,1,1,4,4,0
239,2481882513637,24327.679,116.586,1786607848713743,1,1,4,4,0
240,2481965677301,24410.842,83.164,1786607848796857,1,1,4,4,0
241,2482083964120,24529.129,118.287,1786607848915230,1,1,4,4,0
242,2482167269468,24612.434,83.305,1786607848998460,1,1,4,4,0
243,2482283432278,24728.597,116.163,1786607849114620,1,1,4,4,0
244,2482368637328,24813.802,85.205,1786607849199823,1,1,4,4,0
245,2482482968474,24928.133,114.331,1786607849314148,1,1,4,4,0
246,2482565904935,25011.070,82.936,1786607849397088,1,1,4,4,0
247,2482682682001,25127.847,116.777,1786607849513866,1,1,4,4,0
248,2482765396367,25210.561,82.714,1786607849596579,1,1,4,4,0
249,2482882874209,25328.039,117.478,1786607849714063,1,1,4,4,0
250,2482965917125,25411.082,83.043,1786607849797101,1,1,4,4,0
251,2483081936459,25527.101,116.019,1786607849913124,1,1,4,4,0
252,2483165019276,25610.184,83.083,1786607849996207,1,1,4,4,0
253,2483282368247,25727.533,117.349,1786607850113555,1,1,4,4,0
254,2483365213910,25810.379,82.846,1786607850196398,1,1,4,4,0
255,2483483161588,25928.327,117.948,1786607850314342,1,1,4,4,0
256,2483566154343,26011.319,82.993,1786607850397342,1,1,4,4,0
257,2483683284004,26128.449,117.130,1786607850514470,1,1,4,4,0
258,2483766687799,26211.853,83.404,1786607850597876,1,1,4,4,0
259,2483882912156,26328.077,116.224,1786607850714101,1,1,4,4,0
260,2483966586106,26411.751,83.674,1786607850797770,1,1,4,4,0
261,2484083341429,26528.506,116.755,1786607850914547,1,1,4,4,0
262,2484166419329,26611.584,83.078,1786607850997605,1,1,4,4,0
263,2484284318897,26729.484,117.900,1786607851115541,1,1,4,4,0
264,2484367055779,26812.221,82.737,1786607851198243,1,1,4,4,0
265,2484471153293,26916.318,104.098,1786607851302339,1,1,4,4,0
266,2484583386682,27028.552,112.233,1786607851414577,1,1,4,4,0
267,2484682777172,27127.942,99.390,1786607851513966,1,1,4,4,0
268,2484766709544,27211.875,83.932,1786607851597897,1,1,4,4,0
269,2484882099710,27327.265,115.390,1786607851713286,1,1,4,4,0
270,2484965542072,27410.707,83.442,1786607851796722,1,1,4,4,0
271,2485083207356,27528.372,117.665,1786607851914394,1,1,4,4,0
272,2485165834422,27610.999,82.627,1786607851997014,1,1,4,4,0
273,2485282626285,27727.791,116.792,1786607852113830,1,1,4,4,0
274,2485365605334,27810.770,82.979,1786607852196791,1,1,4,4,0
275,2485482644154,27927.809,117.039,1786607852313828,1,1,4,4,0
276,2485566143131,28011.308,83.499,1786607852397329,1,1,4,4,0
277,2485682840826,28128.006,116.698,1786607852514029,1,1,4,4,0
278,2485766063473,28211.228,83.223,1786607852597251,1,1,4,4,0
279,2485882498724,28327.664,116.435,1786607852713693,1,1,4,4,0
280,2485966381735,28411.547,83.883,1786607852797593,1,1,4,4,0
281,2486083455080,28528.620,117.073,1786607852914648,1,1,4,4,0
282,2486167532060,28612.697,84.077,1786607852998722,1,1,4,4,0
283,2486283142846,28728.308,115.611,1786607853114329,1,1,4,4,0
284,2486369672989,28814.838,86.530,1786607853200861,1,1,4,4,0
285,2486482688746,28927.854,113.016,1786607853313876,1,1,4,4,0
286,2486566772905,29011.938,84.084,1786607853397977,1,1,4,4,0
287,2486682169628,29127.335,115.397,1786607853513347,1,1,4,4,0
288,2486765227882,29210.393,83.058,1786607853596419,1,1,4,4,0
289,2486882645311,29327.810,117.417,1786607853713837,1,1,4,4,0
290,2486965594070,29410.759,82.949,1786607853796775,1,1,4,4,0
291,2487081796203,29526.961,116.202,1786607853912983,1,1,4,4,0
292,2487164730307,29609.895,82.934,1786607853995908,1,1,4,4,0
293,2487281698281,29726.863,116.968,1786607854112876,1,1,4,4,0
294,2487365386257,29810.551,83.688,1786607854196576,1,1,4,4,0
295,2487482644610,29927.810,117.258,1786607854313828,1,1,4,4,0
296,2487565595939,30010.761,82.951,1786607854396776,1,1,4,4,0
297,2487683917441,30129.082,118.322,1786607854515111,1,1,4,4,0
298,2487767057876,30212.223,83.140,1786607854598241,1,1,4,4,0
299,2487883341937,30328.507,116.284,1786607854714524,1,1,4,4,0
300,2487968320852,30413.486,84.979,1786607854799510,1,1,4,4,0
301,2488073092402,30518.257,104.772,1786607854904275,1,1,4,4,0
302,2488180110849,30625.276,107.018,1786607855011299,1,1,4,4,0
303,2488282751282,30727.916,102.640,1786607855113931,1,1,4,4,0
304,2488365995464,30811.160,83.244,1786607855197176,1,1,4,4,0
305,2488483124658,30928.290,117.129,1786607855314308,1,1,4,4,0
306,2488566182549,31011.348,83.058,1786607855397362,1,1,4,4,0
307,2488683228710,31128.394,117.046,1786607855514420,1,1,4,4,0
308,2488766332294,31211.497,83.104,1786607855597520,1,1,4,4,0
309,2488883962761,31329.128,117.630,1786607855715139,1,1,4,4,0
310,2488967187584,31412.353,83.225,1786607855798375,1,1,4,4,0
311,2489084603219,31529.768,117.416,1786607855915844,1,1,4,4,0
312,2489168944723,31614.110,84.342,1786607856000134,1,1,4,4,0
313,2489283032952,31728.198,114.088,1786607856114216,1,1,4,4,0
314,2489366539460,31811.704,83.507,1786607856197724,1,1,4,4,0
315,2489481430058,31926.595,114.891,1786607856312615,1,1,4,4,0
316,2489585121078,32030.286,103.691,1786607856416309,1,1,4,4,0
317,2489682579558,32127.745,97.458,1786607856513764,1,1,4,4,0
318,2489765539549,32210.705,82.960,1786607856596728,1,1,4,4,0
319,2489882128127,32327.293,116.589,1786607856713316,1,1,4,4,0
320,2489964922466,32410.087,82.794,1786607856796110,1,1,4,4,0
321,2490065043076,32510.208,100.121,1786607856896225,1,1,4,4,0
322,2490170506598,32615.672,105.464,1786607857001697,1,1,4,4,0
323,2490284462371,32729.627,113.956,1786607857115648,1,1,4,4,0
324,2490367460609,32812.626,82.998,1786607857198641,1,1,4,4,0
325,2490483064287,32928.229,115.604,1786607857314255,1,1,4,4,0
326,2490566589235,33011.754,83.525,1786607857397773,1,1,4,4,0
327,2490683469454,33128.634,116.880,1786607857514648,1,1,4,4,0
328,2490766501609,33211.667,83.032,1786607857597688,1,1,4,4,0
329,2490881469624,33326.635,114.968,1786607857712658,1,1,4,4,0
330,2490965002348,33410.167,83.533,1786607857796191,1,1,4,4,0
331,2491084815139,33529.980,119.813,1786607857916059,1,1,4,4,0
332,2491168182340,33613.347,83.367,1786607857999375,1,1,4,4,0
333,2491282146351,33727.311,113.964,1786607858113335,1,1,4,4,0
334,2491365318313,33810.483,83.172,1786607858196508,1,1,4,4,0
335,2491482090235,33927.255,116.772,1786607858313276,1,1,4,4,0
336,2491574809011,34019.974,92.719,1786607858405995,1,1,4,4,0
337,2491683229803,34128.395,108.421,1786607858514416,1,1,4,4,0
338,2491767220870,34212.386,83.991,1786607858598401,1,1,4,4,0
339,2491883254001,34328.419,116.033,1786607858714443,1,1,4,4,0
340,2491966255320,34411.420,83.001,1786607858797441,1,1,4,4,0
341,2492083059335,34528.224,116.804,1786607858914249,1,1,4,4,0
342,2492166077710,34611.243,83.018,1786607858997263,1,1,4,4,0
343,2492282205343,34727.370,116.128,1786607859113393,1,1,4,4,0
344,2492365242318,34810.407,83.037,1786607859196430,1,1,4,4,0
345,2492482092040,34927.257,116.850,1786607859313272,1,1,4,4,0
346,2492564931494,35010.096,82.839,1786607859396120,1,1,4,4,0
347,2492682008815,35127.174,117.077,1786607859513190,1,1,4,4,0
348,2492764873707,35210.039,82.865,1786607859596060,1,1,4,4,0
349,2492882141445,35327.306,117.268,1786607859713328,1,1,4,4,0
350,2492965317130,35410.482,83.176,1786607859796501,1,1,4,4,0
351,2493082266204,35527.431,116.949,1786607859913454,1,1,4,4,0
352,2493165856577,35611.022,83.590,1786607859997041,1,1,4,4,0
353,2493282194767,35727.360,116.338,1786607860113378,1,1,4,4,0
354,2493365123025,35810.288,82.928,1786607860196310,1,1,4,4,0
355,2493482360764,35927.526,117.238,1786607860313550,1,1,4,4,0
356,2493565395605,36010.561,83.035,1786607860396587,1,1,4,4,0
357,2493682248446,36127.413,116.853,1786607860513433,1,1,4,4,0
358,2493767324474,36212.489,85.076,1786607860598508,1,1,4,4,0
359,2493881933519,36327.099,114.609,1786607860713122,1,1,4,4,0
360,2493965190935,36410.356,83.257,1786607860796378,1,1,4,4,0
361,2494082039936,36527.205,116.849,1786607860913228,1,1,4,4,0
362,2494165722312,36610.887,83.682,1786607860996908,1,1,4,4,0
363,2494281810296,36726.975,116.088,1786607861113006,1,1,4,4,0
364,2494365994883,36811.160,84.185,1786607861197180,1,1,4,4,0
365,2494482881271,36928.046,116.886,1786607861314063,1,1,4,4,0
366,2494566853395,37012.018,83.972,1786607861398078,1,1,4,4,0
367,2494683237261,37128.402,116.384,1786607861514425,1,1,4,4,0
368,2494766337132,37211.502,83.100,1786607861597524,1,1,4,4,0
369,2494882000862,37327.166,115.664,1786607861713182,1,1,4,4,0
370,2494964904812,37410.070,82.904,1786607861796093,1,1,4,4,0
371,2495082821457,37527.986,117.917,1786607861914013,1,1,4,4,0
372,2495166505090,37611.670,83.684,1786607861997695,1,1,4,4,0
373,2495281637163,37726.802,115.132,1786607862112854,1,1,4,4,0
374,2495364641915,37809.807,83.005,1786607862195829,1,1,4,4,0
375,2495483988096,37929.153,119.346,1786607862315258,1,1,4,4,0
376,2495568167637,38013.333,84.180,1786607862399354,1,1,4,4,0
377,2495682926075,38128.091,114.758,1786607862514111,1,1,4,4,0
378,2495765729786,38210.895,82.804,1786607862596917,1,1,4,4,0
379,2495882168223,38327.333,116.438,1786607862713355,1,1,4,4,0
380,2495965315268,38410.480,83.147,1786607862796502,1,1,4,4,0
381,2496081880415,38527.045,116.565,1786607862913070,1,1,4,4,0
382,2496166761887,38611.927,84.881,1786607862997950,1,1,4,4,0
383,2496282283702,38727.449,115.522,1786607863113471,1,1,4,4,0
384,2496366203818,38811.369,83.920,1786607863197389,1,1,4,4,0
385,2496482504743,38927.670,116.301,1786607863313693,1,1,4,4,0
386,2496575232759,39020.398,92.728,1786607863406446,1,1,4,4,0
387,2496682828848,39127.994,107.596,1786607863514018,1,1,4,4,0
388,2496766325188,39211.490,83.496,1786607863597515,1,1,4,4,0
389,2496882761879,39327.927,116.437,1786607863713950,1,1,4,4,0
390,2496966123669,39411.289,83.362,1786607863797312,1,1,4,4,0
391,2497082695038,39527.860,116.571,1786607863913884,1,1,4,4,0
392,2497165812975,39610.978,83.118,1786607863996998,1,1,4,4,0
393,2497283569834,39728.735,117.757,1786607864114774,1,1,4,4,0
394,2497367054345,39812.219,83.485,1786607864198241,1,1,4,4,0
395,2497481995932,39927.161,114.942,1786607864313183,1,1,4,4,0
396,2497565605969,40010.771,83.610,1786607864396792,1,1,4,4,0
397,2497682425461,40127.590,116.819,1786607864513619,1,1,4,4,0
398,2497766052393,40211.217,83.627,1786607864597241,1,1,4,4,0
399,2497881431610,40326.597,115.379,1786607864712618,1,1,4,4,0
400,2497984964632,40430.130,103.533,1786607864816151,1,1,4,4,0
401,2498081881489,40527.046,96.917,1786607864913083,1,1,4,4,0
402,2498166057500,40611.223,84.176,1786607864997244,1,1,4,4,0
403,2498282904490,40728.069,116.847,1786607865114095,1,1,4,4,0
404,2498365874266,40811.039,82.970,1786607865197079,1,1,4,4,0
405,2498482843008,40928.008,116.969,1786607865314033,1,1,4,4,0
406,2498565822735,41010.988,82.980,1786607865397008,1,1,4,4,0
407,2498682512170,41127.677,116.689,1786607865513703,1,1,4,4,0
408,2498765747494,41210.912,83.235,1786607865596936,1,1,4,4,0
409,2498883130380,41328.295,117.383,1786607865714324,1,1,4,4,0
410,2498966387526,41411.553,83.257,1786607865797575,1,1,4,4,0
411,2499083586522,41528.752,117.199,1786607865914774,1,1,4,4,0
412,2499166945549,41612.111,83.359,1786607865998132,1,1,4,4,0
413,2499281774531,41726.940,114.829,1786607866112967,1,1,4,4,0
414,2499365907236,41811.072,84.133,1786607866197092,1,1,4,4,0
415,2499483482633,41928.648,117.575,1786607866314672,1,1,4,4,0
416,2499566341196,42011.506,82.859,1786607866397527,1,1,4,4,0
417,2499681828272,42126.993,115.487,1786607866513007,1,1,4,4,0
418,2499764687187,42209.852,82.859,1786607866595874,1,1,4,4,0
419,2499882820909,42327.986,118.134,1786607866714009,1,1,4,4,0
420,2499965910750,42411.076,83.090,1786607866797092,1,1,4,4,0
421,2500082803511,42527.969,116.893,1786607866913993,1,1,4,4,0
422,2500165812718,42610.978,83.009,1786607866996999,1,1,4,4,0
423,2500282304819,42727.470,116.492,1786607867113493,1,1,4,4,0
424,2500365376623,42810.542,83.072,1786607867196564,1,1,4,4,0
425,2500482700692,42927.866,117.324,1786607867313891,1,1,4,4,0
426,2500566137013,43011.302,83.436,1786607867397325,1,1,4,4,0
427,2500682762288,43127.927,116.625,1786607867513950,1,1,4,4,0
428,2500766890203,43212.055,84.128,1786607867598078,1,1,4,4,0
429,2500882822155,43327.987,115.932,1786607867714013,1,1,4,4,0
430,2500965761873,43410.927,82.940,1786607867796978,1,1,4,4,0
431,2501082353775,43527.519,116.592,1786607867913542,1,1,4,4,0
432,2501165650585,43610.816,83.297,1786607867996829,1,1,4,4,0
433,2501282731967,43727.897,117.081,1786607868113918,1,1,4,4,0
434,2501366060625,43811.226,83.329,1786607868197246,1,1,4,4,0
435,2501482764051,43927.929,116.703,1786607868313952,1,1,4,4,0
436,2501574803085,44019.968,92.039,1786607868405980,1,1,4,4,0
437,2501681245342,44126.410,106.442,1786607868512435,1,1,4,4,0
438,2501764666121,44209.831,83.421,1786607868595851,1,1,4,4,0
439,2501883393137,44328.558,118.727,1786607868714578,1,1,4,4,0
440,2501966674215,44411.839,83.281,1786607868797860,1,1,4,4,0
441,2502081433502,44526.599,114.759,1786607868912621,1,1,4,4,0
442,2502184740894,44629.906,103.307,1786607869015933,1,1,4,4,0
443,2502280911657,44726.077,96.171,1786607869112098,1,1,4,4,0
444,2502384230547,44829.396,103.319,1786607869215419,1,1,4,4,0
445,2502481152516,44926.318,96.922,1786607869312342,1,1,4,4,0
446,2502584768440,45029.933,103.616,1786607869415954,1,1,4,4,0
447,2502681058105,45126.223,96.290,1786607869512245,1,1,4,4,0
448,2502784583284,45229.748,103.525,1786607869615770,1,1,4,4,0
449,2502881991200,45327.156,97.408,1786607869713228,1,1,4,4,0
450,2502965331259,45410.496,83.340,1786607869796513,1,1,4,4,0
451,2503082233500,45527.399,116.902,1786607869913420,1,1,4,4,0
452,2503165664527,45610.830,83.431,1786607869996849,1,1,4,4,0
453,2503281961515,45727.127,116.297,1786607870113152,1,1,4,4,0
454,2503365126332,45810.291,83.165,1786607870196310,1,1,4,4,0
455,2503482433932,45927.599,117.308,1786607870313623,1,1,4,4,0
456,2503565503652,46010.669,83.070,1786607870396686,1,1,4,4,0
457,2503682482061,46127.647,116.978,1786607870513670,1,1,4,4,0
458,2503765883948,46211.049,83.402,1786607870597070,1,1,4,4,0
459,2503881164789,46326.330,115.281,1786607870712349,1,1,4,4,0
460,2503985007492,46430.172,103.843,1786607870816193,1,1,4,4,0
461,2504082758049,46527.923,97.751,1786607870913942,1,1,4,4,0
462,2504165618217,46610.783,82.860,1786607870996806,1,1,4,4,0
463,2504281256708,46726.422,115.638,1786607871112443,1,1,4,4,0
464,2504364620752,46809.786,83.364,1786607871195855,1,1,4,4,0
465,2504481942475,46927.107,117.322,1786607871313127,1,1,4,4,0
466,2504564869144,47010.034,82.927,1786607871396056,1,1,4,4,0
467,2504682416642,47127.582,117.547,1786607871513603,1,1,4,4,0
468,2504765272117,47210.437,82.855,1786607871596502,1,1,4,4,0
469,2504882289927,47327.455,117.018,1786607871713475,1,1,4,4,0
470,2504965568409,47410.733,83.278,1786607871796754,1,1,4,4,0
471,2505082367644,47527.533,116.799,1786607871913555,1,1,4,4,0
472,2505165221615,47610.387,82.854,1786607871996415,1,1,4,4,0
473,2505281688311,47726.853,116.467,1786607872112919,1,1,4,4,0
474,2505365080650,47810.246,83.392,1786607872196266,1,1,4,4,0
475,2505481645740,47926.811,116.565,1786607872312852,1,1,4,4,0
476,2505564818096,48009.983,83.172,1786607872396000,1,1,4,4,0
477,2505681596801,48126.762,116.779,1786607872512782,1,1,4,4,0
478,2505764882396,48210.047,83.286,1786607872596066,1,1,4,4,0
479,2505883755887,48328.921,118.873,1786607872714944,1,1,4,4,0
480,2505966537937,48411.703,82.782,1786607872797724,1,1,4,4,0
481,2506081222497,48526.388,114.685,1786607872912405,1,1,4,4,0
482,2506184600843,48629.766,103.378,1786607873015783,1,1,4,4,0
483,2506282391846,48727.557,97.791,1786607873113577,1,1,4,4,0
484,2506365371969,48810.537,82.980,1786607873196556,1,1,4,4,0
485,2506482848107,48928.013,117.476,1786607873314034,1,1,4,4,0
486,2506565695313,49010.860,82.847,1786607873396883,1,1,4,4,0
487,2506682503533,49127.669,116.808,1786607873513695,1,1,4,4,0
488,2506765694009,49210.859,83.190,1786607873596883,1,1,4,4,0
489,2506881410728,49326.576,115.717,1786607873712599,1,1,4,4,0
490,2506964837441,49410.002,83.427,1786607873796020,1,1,4,4,0
491,2507082829348,49527.994,117.992,1786607873914023,1,1,4,4,0
492,2507165832798,49610.998,83.003,1786607873997051,1,1,4,4,0
493,2507283636411,49728.801,117.804,1786607874114826,1,1,4,4,0
494,2507366780307,49811.945,83.144,1786607874197968,1,1,4,4,0
495,2507481703691,49926.869,114.923,1786607874312891,1,1,4,4,0
496,2507565103344,50010.268,83.400,1786607874396291,1,1,4,4,0
497,2507683307056,50128.472,118.204,1786607874514489,1,1,4,4,0
498,2507766477830,50211.643,83.171,1786607874597704,1,1,4,4,0
499,2507882396530,50327.562,115.919,1786607874713589,1,1,4,4,0
500,2507965822421,50410.987,83.426,1786607874797009,1,1,4,4,0
501,2508081410106,50526.575,115.588,1786607874912617,1,1,4,4,0
502,2508184908882,50630.074,103.499,1786607875016098,1,1,4,4,0
503,2508280743222,50725.908,95.834,1786607875111929,1,1,4,4,0
504,2508384357776,50829.523,103.615,1786607875215544,1,1,4,4,0
505,2508482453321,50927.618,98.096,1786607875313636,1,1,4,4,0
506,2508565278242,51010.443,82.825,1786607875396460,1,1,4,4,0
507,2508681803406,51126.968,116.525,1786607875512984,1,1,4,4,0
508,2508765682999,51210.848,83.880,1786607875596870,1,1,4,4,0
509,2508882455664,51327.621,116.773,1786607875713636,1,1,4,4,0
510,2508965172786,51410.338,82.717,1786607875796349,1,1,4,4,0
511,2509081414738,51526.580,116.242,1786607875912603,1,1,4,4,0
512,2509164535637,51609.701,83.121,1786607875995715,1,1,4,4,0
513,2509283417690,51728.583,118.882,1786607876114601,1,1,4,4,0
514,2509367278734,51812.444,83.861,1786607876198466,1,1,4,4,0
515,2509482984612,51928.150,115.706,1786607876314174,1,1,4,4,0
516,2509565954011,52011.119,82.969,1786607876397134,1,1,4,4,0
517,2509681047231,52126.212,115.093,1786607876512242,1,1,4,4,0
518,2509784339260,52229.504,103.292,1786607876615520,1,1,4,4,0
519,2509881009708,52326.175,96.670,1786607876712199,1,1,4,4,0
520,2509984558645,52429.724,103.549,1786607876815786,1,1,4,4,0
521,2510082373326,52527.538,97.815,1786607876913560,1,1,4,4,0
522,2510165570260,52610.735,83.197,1786607876996750,1,1,4,4,0
523,2510265299655,52710.465,99.729,1786607877096478,1,1,4,4,0
524,2510368547218,52813.712,103.248,1786607877199734,1,1,4,4,0
525,2510480651715,52925.817,112.104,1786607877311843,1,1,4,4,0
526,2510585469880,53030.635,104.818,1786607877416659,1,1,4,4,0
527,2510682350914,53127.516,96.881,1786607877514265,1,1,4,4,0
528,2510767148824,53212.314,84.798,1786607877598339,1,1,4,4,0
529,2510882685543,53327.851,115.537,1786607877713893,1,1,4,4,0
530,2510965689637,53410.855,83.004,1786607877796872,1,1,4,4,0
531,2511082465687,53527.631,116.776,1786607877913647,1,1,4,4,0
532,2511165986190,53611.151,83.521,1786607877997182,1,1,4,4,0
533,2511284366867,53729.532,118.381,1786607878115550,1,1,4,4,0
534,2511367296063,53812.461,82.929,1786607878198479,1,1,4,4,0
535,2511483243355,53928.408,115.947,1786607878314425,1,1,4,4,0
536,2511565997972,54011.163,82.755,1786607878397177,1,1,4,4,0
537,2511682306550,54127.472,116.309,1786607878513492,1,1,4,4,0
538,2511765952812,54211.118,83.646,1786607878597137,1,1,4,4,0
539,2511870015365,54315.180,104.063,1786607878701203,1,1,4,4,0
540,2511977815973,54422.981,107.801,1786607878809006,1,1,4,4,0
541,2512082132075,54527.297,104.316,1786607878913317,1,1,4,4,0
542,2512165026490,54610.191,82.894,1786607878996211,1,1,4,4,0
543,2512280438889,54725.604,115.412,1786607879111624,1,1,4,4,0
544,2512383749317,54828.914,103.310,1786607879214927,1,1,4,4,0
545,2512481311217,54926.476,97.562,1786607879312496,1,1,4,4,0
546,2512565571138,55010.736,84.260,1786607879396758,1,1,4,4,0
547,2512681357079,55126.522,115.786,1786607879512545,1,1,4,4,0
548,2512764428961,55209.594,83.072,1786607879595617,1,1,4,4,0
549,2512882121671,55327.287,117.693,1786607879713313,1,1,4,4,0
550,2512966000756,55411.166,83.879,1786607879797191,1,1,4,4,0
551,2513082641801,55527.807,116.641,1786607879913826,1,1,4,4,0
552,2513165837354,55611.002,83.196,1786607879997081,1,1,4,4,0
553,2513282660413,55727.825,116.823,1786607880113850,1,1,4,4,0
554,2513365853383,55811.018,83.193,1786607880197039,1,1,4,4,0
555,2513482519238,55927.684,116.666,1786607880313712,1,1,4,4,0
556,2513566582766,56011.748,84.064,1786607880397769,1,1,4,4,0
557,2513683304553,56128.470,116.722,1786607880514489,1,1,4,4,0
558,2513766238214,56211.403,82.934,1786607880597425,1,1,4,4,0
559,2513882246583,56327.412,116.008,1786607880713434,1,1,4,4,0
560,2513965291916,56410.457,83.045,1786607880796480,1,1,4,4,0
561,2514081489902,56526.655,116.198,1786607880912681,1,1,4,4,0
562,2514185036453,56630.201,103.547,1786607881016226,1,1,4,4,0
563,2514281156145,56726.321,96.120,1786607881112344,1,1,4,4,0
564,2514384531646,56829.697,103.376,1786607881215712,1,1,4,4,0
565,2514481148004,56926.313,96.616,1786607881312337,1,1,4,4,0
566,2514564566694,57009.732,83.419,1786607881395754,1,1,4,4,0
567,2514680760661,57125.926,116.194,1786607881511949,1,1,4,4,0
568,2514784670970,57229.836,103.910,1786607881615859,1,1,4,4,0
569,2514881169961,57326.335,96.499,1786607881712359,1,1,4,4,0
570,2514966185011,57411.350,85.015,1786607881797381,1,1,4,4,0
571,2515081213465,57526.378,115.028,1786607881912403,1,1,4,4,0
572,2515164511012,57609.676,83.298,1786607881995700,1,1,4,4,0
573,2515282340132,57727.505,117.829,1786607882113524,1,1,4,4,0
574,2515365275314,57810.440,82.935,1786607882196454,1,1,4,4,0
575,2515481478444,57926.643,116.203,1786607882312658,1,1,4,4,0
576,2515565065929,58010.231,83.587,1786607882396249,1,1,4,4,0
577,2515682454443,58127.619,117.389,1786607882513651,1,1,4,4,0
578,2515766338034,58211.503,83.884,1786607882597522,1,1,4,4,0
579,2515882266497,58327.432,115.928,1786607882713478,1,1,4,4,0
580,2515965362307,58410.527,83.096,1786607882796540,1,1,4,4,0
581,2516081896548,58527.062,116.534,1786607882913084,1,1,4,4,0
582,2516165143835,58610.309,83.247,1786607882996351,1,1,4,4,0
583,2516282119847,58727.285,116.976,1786607883113309,1,1,4,4,0
584,2516365523323,58810.688,83.403,1786607883196710,1,1,4,4,0
585,2516481011702,58926.177,115.488,1786607883312203,1,1,4,4,0
586,2516584992811,59030.158,103.981,1786607883416178,1,1,4,4,0
587,2516681944749,59127.110,96.952,1786607883513132,1,1,4,4,0
588,2516765024793,59210.190,83.080,1786607883596213,1,1,4,4,0
589,2516881136229,59326.301,116.111,1786607883712321,1,1,4,4,0
590,2516985428260,59430.593,104.292,1786607883816690,1,1,4,4,0
591,2517080869430,59526.034,95.441,1786607883912077,1,1,4,4,0
592,2517184540580,59629.706,103.671,1786607884015731,1,1,4,4,0
593,2517283753703,59728.919,99.213,1786607884114943,1,1,4,4,0
594,2517367392209,59812.557,83.639,1786607884198581,1,1,4,4,0
595,2517482143535,59927.309,114.751,1786607884313335,1,1,4,4,0
596,2517565866548,60011.032,83.723,1786607884397058,1,1,4,4,0
597,2517664542143,60109.707,98.676,1786607884495728,1,1,4,4,0
598,2517768394888,60213.560,103.853,1786607884599585,1,1,4,4,0
599,2517881911394,60327.076,113.517,1786607884713112,1,1,4,4,0
600,2517965308671,60410.474,83.397,1786607884796499,1,1,4,4,0
601,2518082252410,60527.417,116.944,1786607884913443,1,1,4,4,0
