sequence,monotonic_ns,elapsed_ms,publish_gap_ms,ros_timestamp_us,reliability,subscription_count,arming_state,nav_state,nav_state_user_intention,failsafe
1,4477832081661,296.508,,1786609844663261,reliable,1,1,4,4,0
2,4477917147233,381.573,85.066,1786609844748363,reliable,1,1,4,4,0
3,4478031324204,495.750,114.177,1786609844862508,reliable,1,1,4,4,0
4,4478114800712,579.227,83.477,1786609844945989,reliable,1,1,4,4,0
5,4478211743879,676.170,96.943,1786609845042926,reliable,1,1,4,4,0
6,4478316794322,781.220,105.050,1786609845147983,reliable,1,1,4,4,0
7,4478431595036,896.021,114.801,1786609845262776,reliable,1,1,4,4,0
8,4478514634336,979.060,83.039,1786609845345813,reliable,1,1,4,4,0
9,4478611628982,1076.055,96.995,1786609845442841,reliable,1,1,4,4,0
10,4478715656004,1180.082,104.027,1786609845546837,reliable,1,1,4,4,0
11,4478831604388,1296.030,115.948,1786609845662792,reliable,1,1,4,4,0
12,4478916219064,1380.645,84.615,1786609845747409,reliable,1,1,4,4,0
13,4479031104199,1495.530,114.885,1786609845862285,reliable,1,1,4,4,0
14,4479115344817,1579.771,84.241,1786609845946532,reliable,1,1,4,4,0
15,4479231548455,1695.974,116.204,1786609846062734,reliable,1,1,4,4,0
16,4479314385510,1778.811,82.837,1786609846145578,reliable,1,1,4,4,0
17,4479431394208,1895.820,117.009,1786609846262586,reliable,1,1,4,4,0
18,4479515427625,1979.854,84.033,1786609846346613,reliable,1,1,4,4,0
19,4479630899620,2095.326,115.472,1786609846462089,reliable,1,1,4,4,0
20,4479713913804,2178.340,83.014,1786609846545099,reliable,1,1,4,4,0
21,4479811289542,2275.715,97.376,1786609846642471,reliable,1,1,4,4,0
22,4479914945970,2379.372,103.656,1786609846746132,reliable,1,1,4,4,0
23,4480011615369,2476.041,96.669,1786609846842802,reliable,1,1,4,4,0
24,4480116854118,2581.280,105.239,1786609846948032,reliable,1,1,4,4,0
25,4480215682107,2680.108,98.828,1786609847046867,reliable,1,1,4,4,0
26,4480319956016,2784.382,104.274,1786609847151137,reliable,1,1,4,4,0
27,4480430784241,2895.210,110.828,1786609847261965,reliable,1,1,4,4,0
28,4480513446752,2977.873,82.663,1786609847344634,reliable,1,1,4,4,0
29,4480630941865,3095.368,117.495,1786609847462136,reliable,1,1,4,4,0
30,4480713940528,3178.366,82.999,1786609847545126,reliable,1,1,4,4,0
31,4480830895553,3295.321,116.955,1786609847662083,reliable,1,1,4,4,0
32,4480914110277,3378.536,83.215,1786609847745296,reliable,1,1,4,4,0
33,4481011439303,3475.865,97.329,1786609847842624,reliable,1,1,4,4,0
34,4481116072428,3580.498,104.633,1786609847947267,reliable,1,1,4,4,0
35,4481222779038,3687.205,106.707,1786609848053960,reliable,1,1,4,4,0
36,4481326229401,3790.655,103.450,1786609848157407,reliable,1,1,4,4,0
37,4481431774030,3896.200,105.545,1786609848262957,reliable,1,1,4,4,0
38,4481515880216,3980.306,84.106,1786609848347059,reliable,1,1,4,4,0
39,4481631502792,4095.929,115.623,1786609848462684,reliable,1,1,4,4,0
40,4481714762774,4179.189,83.260,1786609848546053,reliable,1,1,4,4,0
41,4481811507557,4275.933,96.745,1786609848642687,reliable,1,1,4,4,0
42,4481915612566,4380.039,104.105,1786609848746797,reliable,1,1,4,4,0
43,4482019778516,4484.204,104.166,1786609848850965,reliable,1,1,4,4,0
44,4482123525972,4587.952,103.747,1786609848954712,reliable,1,1,4,4,0
45,4482220356211,4684.782,96.830,1786609849051551,reliable,1,1,4,4,0
46,4482324332945,4788.759,103.977,1786609849155523,reliable,1,1,4,4,0
47,4482430814576,4895.241,106.482,1786609849262010,reliable,1,1,4,4,0
48,4482514032291,4978.458,83.218,1786609849345225,reliable,1,1,4,4,0
49,4482630985978,5095.412,116.954,1786609849462168,reliable,1,1,4,4,0
50,4482714787387,5179.213,83.801,1786609849545974,reliable,1,1,4,4,0
51,4482831767243,5296.193,116.980,1786609849662956,reliable,1,1,4,4,0
52,4482915105433,5379.531,83.338,1786609849746288,reliable,1,1,4,4,0
53,4483019909881,5484.336,104.804,1786609849851097,reliable,1,1,4,4,0
54,4483123575702,5588.002,103.666,1786609849954763,reliable,1,1,4,4,0
55,4483211493089,5675.919,87.917,1786609850042670,reliable,1,1,4,4,0
56,4483315294487,5779.720,103.801,1786609850146484,reliable,1,1,4,4,0
57,4483429973635,5894.400,114.679,1786609850261161,reliable,1,1,4,4,0
58,4483513429700,5977.856,83.456,1786609850344620,reliable,1,1,4,4,0
59,4483631243030,6095.669,117.813,1786609850462434,reliable,1,1,4,4,0
60,4483714448899,6178.875,83.206,1786609850545640,reliable,1,1,4,4,0
61,4483830206214,6294.632,115.757,1786609850661399,reliable,1,1,4,4,0
62,4483913348903,6377.775,83.143,1786609850744534,reliable,1,1,4,4,0
63,4484011789211,6476.215,98.440,1786609850842969,reliable,1,1,4,4,0
64,4484115611404,6580.037,103.822,1786609850946803,reliable,1,1,4,4,0
65,4484229841490,6694.267,114.230,1786609851061030,reliable,1,1,4,4,0
66,4484313233116,6777.659,83.392,1786609851144419,reliable,1,1,4,4,0
67,4484431070055,6895.496,117.837,1786609851262259,reliable,1,1,4,4,0
68,4484514252783,6978.679,83.183,1786609851345442,reliable,1,1,4,4,0
69,4484630433391,7094.859,116.181,1786609851461622,reliable,1,1,4,4,0
70,4484713402040,7177.828,82.969,1786609851544589,reliable,1,1,4,4,0
71,4484831000651,7295.427,117.599,1786609851662191,reliable,1,1,4,4,0
72,4484914112201,7378.538,83.112,1786609851745300,reliable,1,1,4,4,0
73,4485031010575,7495.437,116.898,1786609851862201,reliable,1,1,4,4,0
74,4485114732437,7579.158,83.722,1786609851945923,reliable,1,1,4,4,0
75,4485231015243,7695.441,116.283,1786609852062201,reliable,1,1,4,4,0
76,4485314172590,7778.599,83.157,1786609852145362,reliable,1,1,4,4,0
77,4485430055265,7894.481,115.883,1786609852261237,reliable,1,1,4,4,0
78,4485513164403,7977.590,83.109,1786609852344344,reliable,1,1,4,4,0
79,4485611480439,8075.906,98.316,1786609852442666,reliable,1,1,4,4,0
80,4485715000419,8179.426,103.520,1786609852546193,reliable,1,1,4,4,0
81,4485811627777,8276.054,96.627,1786609852642863,reliable,1,1,4,4,0
82,4485915197854,8379.624,103.570,1786609852746384,reliable,1,1,4,4,0
83,4486030420791,8494.847,115.223,1786609852861601,reliable,1,1,4,4,0
84,4486113461181,8577.887,83.040,1786609852944641,reliable,1,1,4,4,0
85,4486212323860,8676.750,98.863,1786609853043506,reliable,1,1,4,4,0
86,4486317752421,8782.178,105.429,1786609853148979,reliable,1,1,4,4,0
87,4486430690332,8895.116,112.938,1786609853261871,reliable,1,1,4,4,0
88,4486513879752,8978.306,83.189,1786609853345067,reliable,1,1,4,4,0
89,4486629477128,9093.903,115.597,1786609853460665,reliable,1,1,4,4,0
90,4486712512193,9176.938,83.035,1786609853543704,reliable,1,1,4,4,0
91,4486830361859,9294.788,117.850,1786609853661550,reliable,1,1,4,4,0
92,4486913286429,9377.712,82.925,1786609853744481,reliable,1,1,4,4,0
93,4487030643601,9495.070,117.357,1786609853861825,reliable,1,1,4,4,0
94,4487114148639,9578.575,83.505,1786609853945396,reliable,1,1,4,4,0
95,4487230201490,9694.627,116.053,1786609854061385,reliable,1,1,4,4,0
96,4487313250616,9777.677,83.049,1786609854144439,reliable,1,1,4,4,0
97,4487430184545,9894.610,116.934,1786609854261367,reliable,1,1,4,4,0
98,4487513287319,9977.713,83.103,1786609854344476,reliable,1,1,4,4,0
99,4487629770310,10094.196,116.483,1786609854460954,reliable,1,1,4,4,0
100,4487712923821,10177.350,83.154,1786609854544108,reliable,1,1,4,4,0
101,4487830058907,10294.485,117.135,1786609854661242,reliable,1,1,4,4,0
102,4487913142807,10377.569,83.084,1786609854744324,reliable,1,1,4,4,0
103,4488030029103,10494.455,116.886,1786609854861217,reliable,1,1,4,4,0
104,4488114035386,10578.461,84.006,1786609854945218,reliable,1,1,4,4,0
105,4488228570967,10692.997,114.536,1786609855059761,reliable,1,1,4,4,0
106,4488312859424,10777.285,84.288,1786609855144047,reliable,1,1,4,4,0
107,4488428803714,10893.230,115.944,1786609855259992,reliable,1,1,4,4,0
108,4488511789001,10976.215,82.985,1786609855342979,reliable,1,1,4,4,0
109,4488630166562,11094.593,118.378,1786609855461348,reliable,1,1,4,4,0
110,4488713319256,11177.745,83.153,1786609855544500,reliable,1,1,4,4,0
111,4488828679909,11293.106,115.361,1786609855659865,reliable,1,1,4,4,0
112,4488911986574,11376.413,83.307,1786609855743220,reliable,1,1,4,4,0
113,4489018184443,11482.610,106.198,1786609855849371,reliable,1,1,4,4,0
114,4489122219779,11586.646,104.035,1786609855953408,reliable,1,1,4,4,0
115,4489229064258,11693.490,106.844,1786609856060250,reliable,1,1,4,4,0
116,4489312781249,11777.207,83.717,1786609856143965,reliable,1,1,4,4,0
117,4489428703292,11893.129,115.922,1786609856259891,reliable,1,1,4,4,0
118,4489511840740,11976.267,83.137,1786609856343021,reliable,1,1,4,4,0
119,4489629468686,12093.895,117.628,1786609856460656,reliable,1,1,4,4,0
120,4489713939410,12178.365,84.471,1786609856545190,reliable,1,1,4,4,0
121,4489830240703,12294.667,116.301,1786609856661425,reliable,1,1,4,4,0
122,4489913218645,12377.645,82.978,1786609856744404,reliable,1,1,4,4,0
123,4490029004888,12493.431,115.786,1786609856860195,reliable,1,1,4,4,0
124,4490111798212,12576.224,82.793,1786609856942986,reliable,1,1,4,4,0
125,4490229696308,12694.122,117.898,1786609857060884,reliable,1,1,4,4,0
126,4490312939370,12777.365,83.243,1786609857144118,reliable,1,1,4,4,0
127,4490417720139,12882.146,104.781,1786609857248913,reliable,1,1,4,4,0
128,4490521512330,12985.938,103.792,1786609857352703,reliable,1,1,4,4,0
129,4490629033906,13093.460,107.522,1786609857460208,reliable,1,1,4,4,0
130,4490711710028,13176.136,82.676,1786609857542891,reliable,1,1,4,4,0
131,4490830136227,13294.562,118.426,1786609857661322,reliable,1,1,4,4,0
132,4490914307181,13378.733,84.171,1786609857745490,reliable,1,1,4,4,0
133,4491029171242,13493.597,114.864,1786609857860359,reliable,1,1,4,4,0
134,4491112043787,13576.470,82.873,1786609857943234,reliable,1,1,4,4,0
135,4491230132155,13694.558,118.088,1786609858061311,reliable,1,1,4,4,0
136,4491313441481,13777.867,83.309,1786609858144619,reliable,1,1,4,4,0
137,4491427542893,13891.969,114.101,1786609858258726,reliable,1,1,4,4,0
138,4491530980007,13995.406,103.437,1786609858362167,reliable,1,1,4,4,0
139,4491628945381,14093.371,97.965,1786609858460129,reliable,1,1,4,4,0
140,4491712235416,14176.661,83.290,1786609858543420,reliable,1,1,4,4,0
141,4491828559838,14292.986,116.324,1786609858659749,reliable,1,1,4,4,0
142,4491912090733,14376.517,83.531,1786609858743282,reliable,1,1,4,4,0
143,4492028479936,14492.906,116.389,1786609858859667,reliable,1,1,4,4,0
144,4492111429237,14575.855,82.949,1786609858942619,reliable,1,1,4,4,0
145,4492229704225,14694.130,118.275,1786609859060887,reliable,1,1,4,4,0
146,4492312566776,14776.993,82.863,1786609859143747,reliable,1,1,4,4,0
147,4492429274814,14893.701,116.708,1786609859260458,reliable,1,1,4,4,0
148,4492511785977,14976.212,82.511,1786609859342971,reliable,1,1,4,4,0
149,4492629021608,15093.448,117.236,1786609859460209,reliable,1,1,4,4,0
150,4492712129658,15176.556,83.108,1786609859543320,reliable,1,1,4,4,0
151,4492827194068,15291.620,115.064,1786609859658381,reliable,1,1,4,4,0
152,4492931194465,15395.620,104.000,1786609859762381,reliable,1,1,4,4,0
153,4493027638040,15492.064,96.444,1786609859858829,reliable,1,1,4,4,0
154,4493131695413,15596.121,104.057,1786609859962878,reliable,1,1,4,4,0
155,4493216904938,15681.331,85.210,1786609860048085,reliable,1,1,4,4,0
156,4493320438445,15784.864,103.534,1786609860151624,reliable,1,1,4,4,0
157,4493427560441,15891.986,107.122,1786609860258748,reliable,1,1,4,4,0
158,4493531106904,15995.533,103.546,1786609860362295,reliable,1,1,4,4,0
159,4493628300575,16092.727,97.194,1786609860459489,reliable,1,1,4,4,0
160,4493711474501,16175.900,83.174,1786609860542662,reliable,1,1,4,4,0
161,4493829715461,16294.141,118.241,1786609860660893,reliable,1,1,4,4,0
162,4493912610875,16377.037,82.895,1786609860743846,reliable,1,1,4,4,0
163,4494026782811,16491.209,114.172,1786609860857974,reliable,1,1,4,4,0
164,4494130358131,16594.784,103.575,1786609860961545,reliable,1,1,4,4,0
165,4494229219220,16693.645,98.861,1786609861060407,reliable,1,1,4,4,0
166,4494312297308,16776.723,83.078,1786609861143478,reliable,1,1,4,4,0
167,4494428746849,16893.173,116.450,1786609861259932,reliable,1,1,4,4,0
168,4494511699565,16976.126,82.953,1786609861342888,reliable,1,1,4,4,0
169,4494627621223,17092.047,115.922,1786609861458810,reliable,1,1,4,4,0
170,4494731014817,17195.441,103.394,1786609861562192,reliable,1,1,4,4,0
171,4494827377172,17291.803,96.362,1786609861658572,reliable,1,1,4,4,0
172,4494930905833,17395.332,103.529,1786609861762094,reliable,1,1,4,4,0
173,4495028573101,17492.999,97.667,1786609861859762,reliable,1,1,4,4,0
174,4495112770651,17577.197,84.198,1786609861943959,reliable,1,1,4,4,0
175,4495227009371,17691.435,114.239,1786609862058205,reliable,1,1,4,4,0
176,4495330655069,17795.081,103.646,1786609862161842,reliable,1,1,4,4,0
177,4495429648722,17894.075,98.994,1786609862260836,reliable,1,1,4,4,0
178,4495512288027,17976.714,82.639,1786609862343476,reliable,1,1,4,4,0
179,4495626728152,18091.154,114.440,1786609862457920,reliable,1,1,4,4,0
180,4495730415887,18194.842,103.688,1786609862561599,reliable,1,1,4,4,0
181,4495828197910,18292.624,97.782,1786609862659385,reliable,1,1,4,4,0
182,4495911352271,18375.778,83.154,1786609862742536,reliable,1,1,4,4,0
183,4496028706591,18493.133,117.354,1786609862859895,reliable,1,1,4,4,0
184,4496112110227,18576.536,83.404,1786609862943299,reliable,1,1,4,4,0
185,4496227000543,18691.426,114.890,1786609863058188,reliable,1,1,4,4,0
186,4496330537229,18794.963,103.537,1786609863161723,reliable,1,1,4,4,0
187,4496428836006,18893.262,98.299,1786609863260025,reliable,1,1,4,4,0
188,4496511907674,18976.334,83.072,1786609863343098,reliable,1,1,4,4,0
189,4496627622393,19092.048,115.715,1786609863458808,reliable,1,1,4,4,0
190,4496731307069,19195.733,103.685,1786609863562528,reliable,1,1,4,4,0
191,4496828488651,19292.915,97.182,1786609863659702,reliable,1,1,4,4,0
192,4496913306172,19377.732,84.818,1786609863744531,reliable,1,1,4,4,0
193,4497015444973,19479.871,102.139,1786609863846628,reliable,1,1,4,4,0
194,4497118875703,19583.302,103.431,1786609863950064,reliable,1,1,4,4,0
195,4497227036849,19691.463,108.161,1786609864058224,reliable,1,1,4,4,0
196,4497331404229,19795.830,104.367,1786609864162592,reliable,1,1,4,4,0
197,4497425988444,19890.414,94.584,1786609864257176,reliable,1,1,4,4,0
198,4497530280197,19994.706,104.292,1786609864361470,reliable,1,1,4,4,0
199,4497627371307,20091.797,97.091,1786609864458562,reliable,1,1,4,4,0
200,4497731546324,20195.972,104.175,1786609864562727,reliable,1,1,4,4,0
201,4497826908629,20291.335,95.362,1786609864658098,reliable,1,1,4,4,0
202,4497931085789,20395.512,104.177,1786609864762273,reliable,1,1,4,4,0
203,4498026598805,20491.025,95.513,1786609864857795,reliable,1,1,4,4,0
204,4498131648462,20596.074,105.050,1786609864962838,reliable,1,1,4,4,0
205,4498227965877,20692.392,96.317,1786609865059264,reliable,1,1,4,4,0
206,4498311294824,20775.721,83.329,1786609865142485,reliable,1,1,4,4,0
207,4498426480763,20890.907,115.186,1786609865257668,reliable,1,1,4,4,0
208,4498530237153,20994.663,103.756,1786609865361426,reliable,1,1,4,4,0
209,4498627836217,21092.262,97.599,1786609865459017,reliable,1,1,4,4,0
210,4498731562791,21195.989,103.727,1786609865562748,reliable,1,1,4,4,0
211,4498829474346,21293.900,97.912,1786609865660668,reliable,1,1,4,4,0
212,4498913101355,21377.527,83.627,1786609865744317,reliable,1,1,4,4,0
213,4499026957769,21491.384,113.856,1786609865858147,reliable,1,1,4,4,0
214,4499131303086,21595.729,104.345,1786609865962494,reliable,1,1,4,4,0
215,4499227246964,21691.673,95.944,1786609866058438,reliable,1,1,4,4,0
216,4499331263324,21795.689,104.016,1786609866162448,reliable,1,1,4,4,0
217,4499412649854,21877.076,81.387,1786609866243827,reliable,1,1,4,4,0
218,4499517310135,21981.736,104.660,1786609866348497,reliable,1,1,4,4,0
219,4499626038209,22090.464,108.728,1786609866457216,reliable,1,1,4,4,0
220,4499730222555,22194.648,104.184,1786609866561408,reliable,1,1,4,4,0
221,4499827747076,22292.173,97.525,1786609866658932,reliable,1,1,4,4,0
222,4499911767323,22376.193,84.020,1786609866742957,reliable,1,1,4,4,0
223,4500025886127,22490.312,114.119,1786609866857075,reliable,1,1,4,4,0
224,4500129402174,22593.828,103.516,1786609866960589,reliable,1,1,4,4,0
225,4500225632653,22690.059,96.230,1786609867056822,reliable,1,1,4,4,0
226,4500329354219,22793.780,103.722,1786609867160541,reliable,1,1,4,4,0
227,4500418851201,22883.277,89.497,1786609867250035,reliable,1,1,4,4,0
228,4500522788965,22987.215,103.938,1786609867353987,reliable,1,1,4,4,0
229,4500627149783,23091.576,104.361,1786609867458335,reliable,1,1,4,4,0
230,4500731115571,23195.542,103.966,1786609867562300,reliable,1,1,4,4,0
231,4500826384119,23290.810,95.269,1786609867657571,reliable,1,1,4,4,0
232,4500930098775,23394.525,103.715,1786609867761284,reliable,1,1,4,4,0
233,4501027167989,23491.594,97.069,1786609867858366,reliable,1,1,4,4,0
234,4501131733456,23596.159,104.565,1786609867962921,reliable,1,1,4,4,0
235,4501224773908,23689.200,93.040,1786609868055964,reliable,1,1,4,4,0
236,4501328348511,23792.774,103.575,1786609868159535,reliable,1,1,4,4,0
237,4501414437646,23878.864,86.089,1786609868245628,reliable,1,1,4,4,0
238,4501518066794,23982.493,103.629,1786609868349255,reliable,1,1,4,4,0
239,4501627214211,24091.640,109.147,1786609868458396,reliable,1,1,4,4,0
240,4501730691624,24195.118,103.477,1786609868561877,reliable,1,1,4,4,0
241,4501825594018,24290.020,94.902,1786609868656781,reliable,1,1,4,4,0
242,4501929355674,24393.782,103.762,1786609868760545,reliable,1,1,4,4,0
243,4502026961826,24491.388,97.606,1786609868858146,reliable,1,1,4,4,0
244,4502130994546,24595.420,104.033,1786609868962180,reliable,1,1,4,4,0
245,4502226305041,24690.731,95.310,1786609869057491,reliable,1,1,4,4,0
246,4502330080938,24794.507,103.776,1786609869161267,reliable,1,1,4,4,0
247,4502428187652,24892.614,98.107,1786609869259377,reliable,1,1,4,4,0
248,4502531726363,24996.152,103.539,1786609869362906,reliable,1,1,4,4,0
249,4502626196443,25090.622,94.470,1786609869457382,reliable,1,1,4,4,0
250,4502729884107,25194.310,103.688,1786609869561110,reliable,1,1,4,4,0
251,4502826547269,25290.973,96.663,1786609869657742,reliable,1,1,4,4,0
252,4502930368434,25394.794,103.821,1786609869761558,reliable,1,1,4,4,0
253,4503025740322,25490.166,95.372,1786609869856929,reliable,1,1,4,4,0
254,4503130805029,25595.231,105.065,1786609869962024,reliable,1,1,4,4,0
255,4503227047570,25691.474,96.243,1786609870058238,reliable,1,1,4,4,0
256,4503330510336,25794.936,103.463,1786609870161694,reliable,1,1,4,4,0
257,4503414120320,25878.546,83.610,1786609870245309,reliable,1,1,4,4,0
258,4503518661041,25983.087,104.541,1786609870349862,reliable,1,1,4,4,0
259,4503625316789,26089.743,106.656,1786609870456501,reliable,1,1,4,4,0
260,4503728865387,26193.291,103.549,1786609870560050,reliable,1,1,4,4,0
261,4503826247228,26290.673,97.382,1786609870657428,reliable,1,1,4,4,0
262,4503929588394,26394.014,103.341,1786609870760768,reliable,1,1,4,4,0
263,4504025506109,26489.932,95.918,1786609870856694,reliable,1,1,4,4,0
264,4504129404183,26593.830,103.898,1786609870960586,reliable,1,1,4,4,0
265,4504224483871,26688.910,95.080,1786609871055669,reliable,1,1,4,4,0
266,4504329391634,26793.818,104.908,1786609871160577,reliable,1,1,4,4,0
267,4504428720442,26893.146,99.329,1786609871259907,reliable,1,1,4,4,0
268,4504512068539,26976.494,83.348,1786609871343259,reliable,1,1,4,4,0
269,4504623662103,27088.088,111.594,1786609871454844,reliable,1,1,4,4,0
270,4504727224842,27191.651,103.563,1786609871558446,reliable,1,1,4,4,0
271,4504825263812,27289.690,98.039,1786609871656509,reliable,1,1,4,4,0
272,4504929205908,27393.632,103.942,1786609871760392,reliable,1,1,4,4,0
273,4505027873609,27492.300,98.668,1786609871859081,reliable,1,1,4,4,0
274,4505131498124,27595.924,103.625,1786609871962726,reliable,1,1,4,4,0
275,4505225788382,27690.214,94.290,1786609872056973,reliable,1,1,4,4,0
276,4505329725135,27794.151,103.937,1786609872160944,reliable,1,1,4,4,0
277,4505424105013,27888.531,94.380,1786609872255312,reliable,1,1,4,4,0
278,4505527389839,27991.816,103.285,1786609872358572,reliable,1,1,4,4,0
279,4505625027941,28089.454,97.638,1786609872456216,reliable,1,1,4,4,0
280,4505728608403,28193.034,103.580,1786609872559791,reliable,1,1,4,4,0
281,4505824064992,28288.491,95.457,1786609872655244,reliable,1,1,4,4,0
282,4505927665641,28392.092,103.601,1786609872758852,reliable,1,1,4,4,0
283,4506024222520,28488.648,96.557,1786609872855409,reliable,1,1,4,4,0
284,4506127740854,28592.167,103.518,1786609872958926,reliable,1,1,4,4,0
285,4506226153701,28690.580,98.413,1786609873057342,reliable,1,1,4,4,0
286,4506329874252,28794.300,103.721,1786609873161053,reliable,1,1,4,4,0
287,4506423897562,28888.324,94.023,1786609873255079,reliable,1,1,4,4,0
288,4506527505597,28991.932,103.608,1786609873358690,reliable,1,1,4,4,0
289,4506626169501,29090.595,98.664,1786609873457358,reliable,1,1,4,4,0
290,4506729663486,29194.089,103.494,1786609873560845,reliable,1,1,4,4,0
291,4506824861885,29289.288,95.198,1786609873656044,reliable,1,1,4,4,0
292,4506928490459,29392.916,103.629,1786609873759679,reliable,1,1,4,4,0
293,4507024346704,29488.773,95.856,1786609873855536,reliable,1,1,4,4,0
294,4507127768580,29592.195,103.422,1786609873958954,reliable,1,1,4,4,0
295,4507212545583,29676.972,84.777,1786609874043737,reliable,1,1,4,4,0
296,4507316807750,29781.234,104.262,1786609874147996,reliable,1,1,4,4,0
297,4507424746128,29889.172,107.938,1786609874255924,reliable,1,1,4,4,0
298,4507528861677,29993.288,104.116,1786609874360044,reliable,1,1,4,4,0
299,4507625371336,30089.797,96.510,1786609874456558,reliable,1,1,4,4,0
300,4507729307636,30193.734,103.936,1786609874560494,reliable,1,1,4,4,0
301,4507824806194,30289.232,95.499,1786609874655985,reliable,1,1,4,4,0
302,4507928491806,30392.918,103.686,1786609874759679,reliable,1,1,4,4,0
303,4508014687853,30479.114,86.196,1786609874845870,reliable,1,1,4,4,0
304,4508118150098,30582.576,103.462,1786609874949372,reliable,1,1,4,4,0
305,4508224825054,30689.251,106.675,1786609875056013,reliable,1,1,4,4,0
306,4508328337968,30792.764,103.513,1786609875159525,reliable,1,1,4,4,0
307,4508424961596,30889.388,96.624,1786609875256148,reliable,1,1,4,4,0
308,4508528334770,30992.761,103.373,1786609875359522,reliable,1,1,4,4,0
309,4508623236852,31087.663,94.902,1786609875454425,reliable,1,1,4,4,0
310,4508728443671,31192.870,105.207,1786609875559626,reliable,1,1,4,4,0
311,4508825818979,31290.245,97.375,1786609875657010,reliable,1,1,4,4,0
312,4508929662433,31394.088,103.843,1786609875760848,reliable,1,1,4,4,0
313,4509023630385,31488.056,93.968,1786609875854820,reliable,1,1,4,4,0
314,4509127460146,31591.886,103.830,1786609875958647,reliable,1,1,4,4,0
315,4509224232821,31688.659,96.773,1786609876055508,reliable,1,1,4,4,0
316,4509327504765,31791.931,103.272,1786609876158691,reliable,1,1,4,4,0
317,4509425595203,31890.021,98.090,1786609876256777,reliable,1,1,4,4,0
318,4509529171358,31993.597,103.576,1786609876360357,reliable,1,1,4,4,0
319,4509624161523,32088.587,94.990,1786609876455353,reliable,1,1,4,4,0
320,4509728078903,32192.505,103.917,1786609876559267,reliable,1,1,4,4,0
321,4509823857733,32288.284,95.779,1786609876655043,reliable,1,1,4,4,0
322,4509927799332,32392.225,103.942,1786609876759001,reliable,1,1,4,4,0
323,4510025175742,32489.602,97.376,1786609876856360,reliable,1,1,4,4,0
324,4510129241181,32593.667,104.065,1786609876960426,reliable,1,1,4,4,0
325,4510223809337,32688.235,94.568,1786609877054998,reliable,1,1,4,4,0
326,4510327885293,32792.311,104.076,1786609877159065,reliable,1,1,4,4,0
327,4510423834682,32888.261,95.949,1786609877255036,reliable,1,1,4,4,0
328,4510527439013,32991.865,103.604,1786609877358628,reliable,1,1,4,4,0
329,4510624474241,33088.900,97.035,1786609877455659,reliable,1,1,4,4,0
330,4510728826737,33193.253,104.352,1786609877560009,reliable,1,1,4,4,0
331,4510823484994,33287.911,94.658,1786609877654675,reliable,1,1,4,4,0
332,4510927286235,33391.712,103.801,1786609877758462,reliable,1,1,4,4,0
333,4511024678174,33489.104,97.392,1786609877855868,reliable,1,1,4,4,0
334,4511128237717,33592.664,103.560,1786609877959464,reliable,1,1,4,4,0
335,4511224878321,33689.304,96.641,1786609878056064,reliable,1,1,4,4,0
336,4511328689630,33793.116,103.811,1786609878159876,reliable,1,1,4,4,0
337,4511422751786,33887.178,94.062,1786609878253942,reliable,1,1,4,4,0
338,4511526150527,33990.576,103.399,1786609878357332,reliable,1,1,4,4,0
339,4511623275503,34087.701,97.125,1786609878454464,reliable,1,1,4,4,0
340,4511726868499,34191.294,103.593,1786609878558052,reliable,1,1,4,4,0
341,4511825335125,34289.761,98.467,1786609878656526,reliable,1,1,4,4,0
342,4511929809213,34394.235,104.474,1786609878760993,reliable,1,1,4,4,0
343,4512022933427,34487.359,93.124,1786609878854126,reliable,1,1,4,4,0
344,4512126346884,34590.773,103.413,1786609878957528,reliable,1,1,4,4,0
345,4512223858887,34688.285,97.512,1786609879055048,reliable,1,1,4,4,0
346,4512327636562,34792.063,103.778,1786609879158820,reliable,1,1,4,4,0
347,4512423839888,34888.266,96.203,1786609879255022,reliable,1,1,4,4,0
348,4512527615899,34992.042,103.776,1786609879358797,reliable,1,1,4,4,0
349,4512623925918,35088.352,96.310,1786609879455113,reliable,1,1,4,4,0
350,4512727577193,35192.003,103.651,1786609879558759,reliable,1,1,4,4,0
351,4512823365645,35287.792,95.788,1786609879654553,reliable,1,1,4,4,0
352,4512926962373,35391.388,103.597,1786609879758151,reliable,1,1,4,4,0
353,4513022444213,35486.870,95.482,1786609879853629,reliable,1,1,4,4,0
354,4513126159472,35590.585,103.715,1786609879957348,reliable,1,1,4,4,0
355,4513223821374,35688.247,97.662,1786609880055010,reliable,1,1,4,4,0
356,4513327618456,35792.044,103.797,1786609880158801,reliable,1,1,4,4,0
357,4513423365644,35887.792,95.747,1786609880254556,reliable,1,1,4,4,0
358,4513527304931,35991.731,103.939,1786609880358492,reliable,1,1,4,4,0
359,4513611419106,36075.845,84.114,1786609880442602,reliable,1,1,4,4,0
360,4513715237367,36179.663,103.818,1786609880546428,reliable,1,1,4,4,0
361,4513823829526,36288.255,108.592,1786609880655019,reliable,1,1,4,4,0
362,4513927442269,36391.868,103.613,1786609880758624,reliable,1,1,4,4,0
363,4514022565963,36486.992,95.124,1786609880853753,reliable,1,1,4,4,0
364,4514126170036,36590.596,103.604,1786609880957354,reliable,1,1,4,4,0
365,4514223383736,36687.810,97.214,1786609881054570,reliable,1,1,4,4,0
366,4514326823419,36791.249,103.440,1786609881158010,reliable,1,1,4,4,0
367,4514422473131,36886.899,95.650,1786609881253665,reliable,1,1,4,4,0
368,4514526115357,36990.541,103.642,1786609881357297,reliable,1,1,4,4,0
369,4514623041238,37087.467,96.926,1786609881454232,reliable,1,1,4,4,0
370,4514726491095,37190.917,103.450,1786609881557678,reliable,1,1,4,4,0
371,4514823912407,37288.338,97.421,1786609881655122,reliable,1,1,4,4,0
372,4514927461599,37391.888,103.549,1786609881758648,reliable,1,1,4,4,0
373,4515024380314,37488.806,96.919,1786609881855591,reliable,1,1,4,4,0
374,4515127913318,37592.339,103.533,1786609881959100,reliable,1,1,4,4,0
375,4515223776148,37688.202,95.863,1786609882054963,reliable,1,1,4,4,0
376,4515326968259,37791.394,103.192,1786609882158155,reliable,1,1,4,4,0
377,4515423007512,37887.433,96.039,1786609882254196,reliable,1,1,4,4,0
378,4515526545556,37990.971,103.538,1786609882357732,reliable,1,1,4,4,0
379,4515624108951,38088.535,97.563,1786609882455302,reliable,1,1,4,4,0
380,4515728678425,38193.104,104.569,1786609882559860,reliable,1,1,4,4,0
381,4515826866373,38291.292,98.188,1786609882658054,reliable,1,1,4,4,0
382,4515930465137,38394.891,103.599,1786609882761652,reliable,1,1,4,4,0
383,4516022539687,38486.966,92.075,1786609882853723,reliable,1,1,4,4,0
384,4516126250585,38590.677,103.711,1786609882957438,reliable,1,1,4,4,0
385,4516224374413,38688.800,98.124,1786609883055563,reliable,1,1,4,4,0
386,4516327912055,38792.338,103.538,1786609883159100,reliable,1,1,4,4,0
387,4516425132466,38889.558,97.220,1786609883256316,reliable,1,1,4,4,0
388,4516528137117,38992.563,103.005,1786609883359316,reliable,1,1,4,4,0
389,4516622884139,39087.310,94.747,1786609883454073,reliable,1,1,4,4,0
390,4516726088230,39190.514,103.204,1786609883557275,reliable,1,1,4,4,0
391,4516822663100,39287.089,96.575,1786609883653848,reliable,1,1,4,4,0
392,4516926627712,39391.054,103.965,1786609883757816,reliable,1,1,4,4,0
393,4517023127912,39487.554,96.500,1786609883854310,reliable,1,1,4,4,0
394,4517126650710,39591.077,103.523,1786609883957837,reliable,1,1,4,4,0
395,4517222308253,39686.734,95.658,1786609884053502,reliable,1,1,4,4,0
396,4517326926291,39791.352,104.618,1786609884158139,reliable,1,1,4,4,0
397,4517423312632,39887.739,96.386,1786609884254503,reliable,1,1,4,4,0
398,4517526937116,39991.363,103.624,1786609884358123,reliable,1,1,4,4,0
399,4517632099504,40096.525,105.162,1786609884463291,reliable,1,1,4,4,0
400,4517721652630,40186.079,89.553,1786609884552843,reliable,1,1,4,4,0
401,4517822743223,40287.169,101.091,1786609884653936,reliable,1,1,4,4,0
402,4517927837275,40392.263,105.094,1786609884759024,reliable,1,1,4,4,0
403,4518022865956,40487.292,95.029,1786609884854048,reliable,1,1,4,4,0
404,4518126740012,40591.166,103.874,1786609884957930,reliable,1,1,4,4,0
405,4518211466959,40675.893,84.727,1786609885042655,reliable,1,1,4,4,0
406,4518314955742,40779.382,103.489,1786609885146142,reliable,1,1,4,4,0
407,4518423406581,40887.833,108.451,1786609885254599,reliable,1,1,4,4,0
408,4518527879835,40992.306,104.473,1786609885359059,reliable,1,1,4,4,0
409,4518623485402,41087.911,95.606,1786609885454668,reliable,1,1,4,4,0
410,4518727452632,41191.879,103.967,1786609885558637,reliable,1,1,4,4,0
411,4518820823369,41285.249,93.371,1786609885652008,reliable,1,1,4,4,0
412,4518924513065,41388.939,103.690,1786609885755704,reliable,1,1,4,4,0
413,4519021839088,41486.265,97.326,1786609885853032,reliable,1,1,4,4,0
414,4519125563496,41589.989,103.724,1786609885956747,reliable,1,1,4,4,0
415,4519222682509,41687.108,97.119,1786609886053867,reliable,1,1,4,4,0
416,4519326752702,41791.179,104.070,1786609886157942,reliable,1,1,4,4,0
417,4519422282701,41886.709,95.530,1786609886253469,reliable,1,1,4,4,0
418,4519526240825,41990.667,103.958,1786609886357472,reliable,1,1,4,4,0
419,4519623631185,42088.057,97.390,1786609886454822,reliable,1,1,4,4,0
420,4519727449502,42191.875,103.818,1786609886558638,reliable,1,1,4,4,0
421,4519822572812,42286.999,95.123,1786609886653766,reliable,1,1,4,4,0
422,4519927015462,42391.441,104.443,1786609886758201,reliable,1,1,4,4,0
423,4520022289488,42486.715,95.274,1786609886853473,reliable,1,1,4,4,0
424,4520126140566,42590.567,103.851,1786609886957348,reliable,1,1,4,4,0
425,4520230481409,42694.907,104.341,1786609887061669,reliable,1,1,4,4,0
426,4520313405906,42777.832,82.924,1786609887144591,reliable,1,1,4,4,0
427,4520423650441,42888.076,110.245,1786609887254846,reliable,1,1,4,4,0
428,4520527485724,42991.912,103.835,1786609887358689,reliable,1,1,4,4,0
429,4520620770740,43085.197,93.285,1786609887451958,reliable,1,1,4,4,0
430,4520725179457,43189.605,104.409,1786609887556368,reliable,1,1,4,4,0
431,4520812511658,43276.938,87.332,1786609887643704,reliable,1,1,4,4,0
432,4520916096920,43380.523,103.585,1786609887747278,reliable,1,1,4,4,0
433,4521031392689,43495.819,115.296,1786609887862584,reliable,1,1,4,4,0
434,4521115290270,43579.716,83.898,1786609887946470,reliable,1,1,4,4,0
435,4521222200715,43686.627,106.910,1786609888053383,reliable,1,1,4,4,0
436,4521326124626,43790.551,103.924,1786609888157306,reliable,1,1,4,4,0
437,4521421780442,43886.206,95.656,1786609888252968,reliable,1,1,4,4,0
438,4521525364753,43989.791,103.584,1786609888356554,reliable,1,1,4,4,0
439,4521623215611,44087.642,97.851,1786609888454404,reliable,1,1,4,4,0
440,4521727164636,44191.591,103.949,1786609888558350,reliable,1,1,4,4,0
441,4521819971195,44284.397,92.807,1786609888651246,reliable,1,1,4,4,0
442,4521923889668,44388.316,103.918,1786609888755127,reliable,1,1,4,4,0
443,4522022589097,44487.015,98.699,1786609888853782,reliable,1,1,4,4,0
444,4522126570979,44590.997,103.982,1786609888957784,reliable,1,1,4,4,0
445,4522221277938,44685.704,94.707,1786609889052464,reliable,1,1,4,4,0
446,4522325389717,44789.816,104.112,1786609889156580,reliable,1,1,4,4,0
447,4522421609398,44886.035,96.220,1786609889252792,reliable,1,1,4,4,0
448,4522525170680,44989.597,103.561,1786609889356351,reliable,1,1,4,4,0
449,4522623114635,45087.541,97.944,1786609889454304,reliable,1,1,4,4,0
450,4522727146721,45191.573,104.032,1786609889558328,reliable,1,1,4,4,0
451,4522822070317,45286.496,94.924,1786609889653257,reliable,1,1,4,4,0
452,4522926150551,45390.576,104.080,1786609889757337,reliable,1,1,4,4,0
453,4523021859182,45486.285,95.709,1786609889853047,reliable,1,1,4,4,0
454,4523125198883,45589.625,103.340,1786609889956387,reliable,1,1,4,4,0
455,4523223928436,45688.354,98.730,1786609890055111,reliable,1,1,4,4,0
456,4523327553773,45791.980,103.625,1786609890158742,reliable,1,1,4,4,0
457,4523420427463,45884.853,92.874,1786609890251613,reliable,1,1,4,4,0
458,4523524219098,45988.645,103.792,1786609890355398,reliable,1,1,4,4,0
459,4523621406295,46085.832,97.187,1786609890452592,reliable,1,1,4,4,0
460,4523725078758,46189.505,103.672,1786609890556264,reliable,1,1,4,4,0
461,4523822066448,46286.492,96.988,1786609890653252,reliable,1,1,4,4,0
462,4523925689482,46390.115,103.623,1786609890756875,reliable,1,1,4,4,0
463,4524022453768,46486.880,96.764,1786609890853643,reliable,1,1,4,4,0
464,4524126435439,46590.861,103.982,1786609890957624,reliable,1,1,4,4,0
465,4524221336004,46685.762,94.901,1786609891052524,reliable,1,1,4,4,0
466,4524324932489,46789.358,103.596,1786609891156120,reliable,1,1,4,4,0
467,4524421878103,46886.304,96.946,1786609891253291,reliable,1,1,4,4,0
468,4524525828587,46990.255,103.950,1786609891357017,reliable,1,1,4,4,0
469,4524622669489,47087.095,96.841,1786609891453859,reliable,1,1,4,4,0
470,4524727817204,47192.243,105.148,1786609891559001,reliable,1,1,4,4,0
471,4524831492774,47295.919,103.676,1786609891662676,reliable,1,1,4,4,0
472,4524919789221,47384.215,88.296,1786609891750978,reliable,1,1,4,4,0
473,4525021997285,47486.423,102.208,1786609891853208,reliable,1,1,4,4,0
474,4525125329478,47589.755,103.332,1786609891956517,reliable,1,1,4,4,0
475,4525220436351,47684.862,95.107,1786609892051627,reliable,1,1,4,4,0
476,4525324124306,47788.550,103.688,1786609892155313,reliable,1,1,4,4,0
477,4525421129931,47885.556,97.006,1786609892252317,reliable,1,1,4,4,0
478,4525524687099,47989.113,103.557,1786609892355875,reliable,1,1,4,4,0
479,4525622321958,48086.748,97.635,1786609892453511,reliable,1,1,4,4,0
480,4525725758354,48190.184,103.436,1786609892556944,reliable,1,1,4,4,0
481,4525820906095,48285.332,95.148,1786609892652090,reliable,1,1,4,4,0
482,4525925373746,48389.800,104.468,1786609892756554,reliable,1,1,4,4,0
483,4526022511501,48486.937,97.138,1786609892853701,reliable,1,1,4,4,0
484,4526125772192,48590.198,103.261,1786609892956956,reliable,1,1,4,4,0
485,4526230202310,48694.628,104.430,1786609893061392,reliable,1,1,4,4,0
486,4526313491166,48777.917,83.289,1786609893144679,reliable,1,1,4,4,0
487,4526422160372,48886.586,108.669,1786609893253365,reliable,1,1,4,4,0
488,4526525714183,48990.140,103.554,1786609893356913,reliable,1,1,4,4,0
489,4526622089733,49086.516,96.376,1786609893453279,reliable,1,1,4,4,0
490,4526725365463,49189.791,103.276,1786609893556553,reliable,1,1,4,4,0
491,4526819444088,49283.870,94.079,1786609893650627,reliable,1,1,4,4,0
492,4526923108051,49387.534,103.664,1786609893754328,reliable,1,1,4,4,0
493,4527020219180,49484.645,97.111,1786609893851429,reliable,1,1,4,4,0
494,4527123381142,49587.807,103.162,1786609893954559,reliable,1,1,4,4,0
495,4527220501656,49684.928,97.121,1786609894051692,reliable,1,1,4,4,0
496,4527323757646,49788.184,103.256,1786609894154976,reliable,1,1,4,4,0
497,4527419643951,49884.070,95.886,1786609894250827,reliable,1,1,4,4,0
498,4527523143086,49987.569,103.499,1786609894354329,reliable,1,1,4,4,0
499,4527620052843,50084.479,96.910,1786609894451237,reliable,1,1,4,4,0
500,4527723660690,50188.087,103.608,1786609894554845,reliable,1,1,4,4,0
501,4527820974068,50285.400,97.313,1786609894652160,reliable,1,1,4,4,0
502,4527925665418,50390.091,104.691,1786609894756853,reliable,1,1,4,4,0
503,4528020527215,50484.953,94.862,1786609894851716,reliable,1,1,4,4,0
504,4528124683132,50589.109,104.156,1786609894955905,reliable,1,1,4,4,0
505,4528220356567,50684.783,95.673,1786609895051540,reliable,1,1,4,4,0
506,4528323800802,50788.227,103.444,1786609895154989,reliable,1,1,4,4,0
507,4528420558965,50884.985,96.758,1786609895251738,reliable,1,1,4,4,0
508,4528524584895,50989.011,104.026,1786609895355771,reliable,1,1,4,4,0
509,4528621588891,51086.015,97.004,1786609895452779,reliable,1,1,4,4,0
510,4528725124978,51189.551,103.536,1786609895556343,reliable,1,1,4,4,0
511,4528820245455,51284.671,95.120,1786609895651433,reliable,1,1,4,4,0
512,4528923565238,51387.991,103.320,1786609895754752,reliable,1,1,4,4,0
513,4529019647582,51484.074,96.082,1786609895850829,reliable,1,1,4,4,0
514,4529124245930,51588.672,104.598,1786609895955438,reliable,1,1,4,4,0
515,4529219725793,51684.152,95.480,1786609896050907,reliable,1,1,4,4,0
516,4529323462441,51787.888,103.737,1786609896154645,reliable,1,1,4,4,0
517,4529420383884,51884.810,96.921,1786609896251569,reliable,1,1,4,4,0
518,4529524118069,51988.544,103.734,1786609896355304,reliable,1,1,4,4,0
519,4529621158269,52085.584,97.040,1786609896452338,reliable,1,1,4,4,0
520,4529724561935,52188.988,103.404,1786609896555744,reliable,1,1,4,4,0
521,4529820166963,52284.593,95.605,1786609896651346,reliable,1,1,4,4,0
522,4529923718244,52388.144,103.551,1786609896754903,reliable,1,1,4,4,0
523,4530021655432,52486.081,97.937,1786609896852840,reliable,1,1,4,4,0
524,4530125435750,52589.862,103.780,1786609896956619,reliable,1,1,4,4,0
525,4530220201407,52684.627,94.766,1786609897051390,reliable,1,1,4,4,0
526,4530324196428,52788.622,103.995,1786609897155382,reliable,1,1,4,4,0
527,4530421781969,52886.208,97.586,1786609897252958,reliable,1,1,4,4,0
528,4530525253104,52989.679,103.471,1786609897356442,reliable,1,1,4,4,0
529,4530619080201,53083.506,93.827,1786609897450270,reliable,1,1,4,4,0
530,4530722924855,53187.351,103.845,1786609897554108,reliable,1,1,4,4,0
531,4530820362364,53284.788,97.438,1786609897651544,reliable,1,1,4,4,0
532,4530923933638,53388.360,103.571,1786609897755117,reliable,1,1,4,4,0
533,4531021334418,53485.760,97.401,1786609897852518,reliable,1,1,4,4,0
534,4531124942868,53589.369,103.608,1786609897956128,reliable,1,1,4,4,0
535,4531229198206,53693.624,104.255,1786609898060389,reliable,1,1,4,4,0
536,4531313155840,53777.582,83.958,1786609898144342,reliable,1,1,4,4,0
537,4531420174138,53884.600,107.018,1786609898251362,reliable,1,1,4,4,0
538,4531523468091,53987.894,103.294,1786609898354654,reliable,1,1,4,4,0
539,4531620862523,54085.288,97.394,1786609898452052,reliable,1,1,4,4,0
540,4531724545352,54188.971,103.683,1786609898555733,reliable,1,1,4,4,0
541,4531820841623,54285.268,96.296,1786609898652109,reliable,1,1,4,4,0
542,4531924765584,54389.192,103.924,1786609898755953,reliable,1,1,4,4,0
543,4532021138030,54485.564,96.372,1786609898852369,reliable,1,1,4,4,0
544,4532124615591,54589.042,103.478,1786609898955801,reliable,1,1,4,4,0
545,4532221982072,54686.408,97.366,1786609899053169,reliable,1,1,4,4,0
546,4532325658593,54790.085,103.677,1786609899156843,reliable,1,1,4,4,0
547,4532419686920,54884.113,94.028,1786609899250876,reliable,1,1,4,4,0
548,4532523524846,54987.951,103.838,1786609899354704,reliable,1,1,4,4,0
549,4532619796209,55084.222,96.271,1786609899450985,reliable,1,1,4,4,0
550,4532724136651,55188.563,104.340,1786609899555325,reliable,1,1,4,4,0
551,4532821128467,55285.554,96.992,1786609899652309,reliable,1,1,4,4,0
552,4532924739914,55389.166,103.611,1786609899755928,reliable,1,1,4,4,0
553,4533018666278,55483.092,93.926,1786609899849854,reliable,1,1,4,4,0
554,4533121722453,55586.148,103.056,1786609899952972,reliable,1,1,4,4,0
555,4533219191836,55683.618,97.469,1786609900050380,reliable,1,1,4,4,0
556,4533322896856,55787.323,103.705,1786609900154077,reliable,1,1,4,4,0
557,4533422035301,55886.461,99.138,1786609900253223,reliable,1,1,4,4,0
558,4533525780248,55990.206,103.745,1786609900356963,reliable,1,1,4,4,0
559,4533619063657,56083.490,93.283,1786609900450253,reliable,1,1,4,4,0
560,4533723116987,56187.543,104.053,1786609900554306,reliable,1,1,4,4,0
561,4533820452137,56284.878,97.335,1786609900651643,reliable,1,1,4,4,0
562,4533924148487,56388.574,103.696,1786609900755329,reliable,1,1,4,4,0
563,4534020448211,56484.874,96.300,1786609900851634,reliable,1,1,4,4,0
564,4534124144976,56588.571,103.697,1786609900955322,reliable,1,1,4,4,0
565,4534218979226,56683.405,94.834,1786609901050166,reliable,1,1,4,4,0
566,4534322549547,56786.975,103.570,1786609901153731,reliable,1,1,4,4,0
567,4534421325686,56885.752,98.776,1786609901252512,reliable,1,1,4,4,0
568,4534525840606,56990.267,104.515,1786609901357026,reliable,1,1,4,4,0
569,4534619588182,57084.014,93.748,1786609901450778,reliable,1,1,4,4,0
570,4534722965007,57187.391,103.377,1786609901554143,reliable,1,1,4,4,0
571,4534819329435,57283.755,96.364,1786609901650517,reliable,1,1,4,4,0
572,4534922690232,57387.116,103.361,1786609901753872,reliable,1,1,4,4,0
573,4535011447923,57475.874,88.758,1786609901842639,reliable,1,1,4,4,0
574,4535114787733,57579.214,103.340,1786609901945968,reliable,1,1,4,4,0
575,4535219050391,57683.476,104.263,1786609902050239,reliable,1,1,4,4,0
576,4535322487003,57786.913,103.437,1786609902153673,reliable,1,1,4,4,0
577,4535420578566,57885.005,98.092,1786609902251767,reliable,1,1,4,4,0
578,4535523932443,57988.358,103.354,1786609902355139,reliable,1,1,4,4,0
579,4535620343849,58084.770,96.411,1786609902451534,reliable,1,1,4,4,0
580,4535723821060,58188.247,103.477,1786609902555001,reliable,1,1,4,4,0
581,4535818433933,58282.860,94.613,1786609902649621,reliable,1,1,4,4,0
582,4535921915271,58386.341,103.481,1786609902753101,reliable,1,1,4,4,0
583,4536021044887,58485.471,99.130,1786609902852223,reliable,1,1,4,4,0
584,4536124398637,58588.825,103.354,1786609902955585,reliable,1,1,4,4,0
585,4536219917178,58684.343,95.519,1786609903051099,reliable,1,1,4,4,0
586,4536323278499,58787.704,103.361,1786609903154466,reliable,1,1,4,4,0
587,4536418566887,58882.993,95.288,1786609903249766,reliable,1,1,4,4,0
588,4536522351639,58986.778,103.785,1786609903353560,reliable,1,1,4,4,0
589,4536621808210,59086.234,99.457,1786609903453033,reliable,1,1,4,4,0
590,4536725490551,59189.916,103.682,1786609903556679,reliable,1,1,4,4,0
591,4536828478063,59292.904,102.988,1786609903659668,reliable,1,1,4,4,0
592,4536911298471,59375.724,82.820,1786609903742482,reliable,1,1,4,4,0
593,4537018799852,59483.226,107.501,1786609903849985,reliable,1,1,4,4,0
594,4537122378056,59586.804,103.578,1786609903953564,reliable,1,1,4,4,0
595,4537219979014,59684.405,97.601,1786609904051241,reliable,1,1,4,4,0
596,4537323770314,59788.196,103.791,1786609904154952,reliable,1,1,4,4,0
597,4537419688084,59884.114,95.918,1786609904250871,reliable,1,1,4,4,0
598,4537523379820,59987.806,103.692,1786609904354563,reliable,1,1,4,4,0
599,4537618168641,60082.595,94.789,1786609904449362,reliable,1,1,4,4,0
600,4537722263237,60186.689,104.095,1786609904553447,reliable,1,1,4,4,0
601,4537818893594,60283.320,96.630,1786609904650082,reliable,1,1,4,4,0
