path,lfs_sha256,declared_size_bytes,filename_year
docs/raw/captures/ULG/log_0_2024-8-1-15-56-18.ulg,0d9053dd441068565705c60dc3368f666593e4af3a90803e98872f86d0681c69,37874064,2024
docs/raw/captures/ULG/log_10_2024-8-8-15-27-38.ulg,578c36cc8ce0213238cc207d0949dae3c281edb464134ce258e709466ac9397c,2965073,2024
docs/raw/captures/ULG/log_11_2024-8-8-15-49-30.ulg,984b35d682fea727d40363bb48bd58914f75ca3fbf2718dbdad67645dc99d158,6880384,2024
docs/raw/captures/ULG/log_12_2024-8-8-15-52-02.ulg,9c12ce5101707cc1de5f82bdc5615293a057210944c3e1f29150a9d6d65a409a,4653049,2024
docs/raw/captures/ULG/log_13_2024-8-12-14-25-26.ulg,c2114d201a8878b914ba48fb3f1f4920b220b624195ecea82dc0f59273557223,1930733,2024
docs/raw/captures/ULG/log_14_2024-8-12-14-30-14.ulg,ad4ff9ad41905bff824d2be2c9798e9de8f195013c8ea2c815e9eebbf8b556b4,4650514,2024
docs/raw/captures/ULG/log_15_2024-8-12-14-33-08.ulg,cdfa1ad3b196ebd7eb99f5137e6614ea54efb409763699f70bbb536f954064bb,2103590,2024
docs/raw/captures/ULG/log_16_2024-8-12-14-37-36.ulg,58f1e10ca469a58a2d3ba6e8d491e3bd5637f7134ac36f749c6295ff37be795e,1889881,2024
docs/raw/captures/ULG/log_17_2024-8-12-14-47-06.ulg,246844b52396da79873782cdf4176e8517480282d8b045377e7c059fd2ce0852,810248,2024
docs/raw/captures/ULG/log_18_2024-8-12-14-51-22.ulg,aba4f7935f01085828b8e744e41cad5960f355f5b157a4690d20361b3198a00e,854628,2024
docs/raw/captures/ULG/log_19_2024-8-12-14-59-08.ulg,1bc7f659371d8ab13f52cc2fd4f56ce2724bc22bdf4704f046b93118475ccadf,1025934,2024
docs/raw/captures/ULG/log_1_2024-8-1-16-17-02.ulg,c365fc50a2597510c107edc810657e986d743e8e25a8df98840e3224254e9517,36212147,2024
docs/raw/captures/ULG/log_20_2024-8-12-15-02-46.ulg,19843eaff791a845bf4d828b9238ea6eb8073f076ba84275eb8b029b874d4fee,460630,2024
docs/raw/captures/ULG/log_21_2024-8-12-15-03-14.ulg,2abb2bc2c201f4dd39db5e41fc6e2421cf91b50574024018613fc8dc3c037014,925868,2024
docs/raw/captures/ULG/log_22_2024-8-12-15-13-50.ulg,be04409b030ac35a9592e77a6b164655f1a7fea48b1425498d59c61b6cfcb4d1,439879,2024
docs/raw/captures/ULG/log_23_2024-8-12-15-14-44.ulg,521e3685d9614bd5dd55a1b5b273cabf8b72d60825aacc49cf68115dfc7c8884,1354962,2024
docs/raw/captures/ULG/log_24_2024-8-12-15-16-50.ulg,aa06ec349cdcb7737ddf583ba0afb6823aa9e4c3b50fe243e02db9c0ec3207bb,2917585,2024
docs/raw/captures/ULG/log_25_2024-8-12-15-25-12.ulg,840dafd88381325740dd2a8115cb382aa706c338851236fee07d538fd46acd54,4216372,2024
docs/raw/captures/ULG/log_26_2024-8-12-15-27-04.ulg,f3ec7a35d1134f0915244402990a58466c0e41317b91076886f6c5c18a7ee647,961437,2024
docs/raw/captures/ULG/log_27_2024-8-12-15-36-40.ulg,426177403735cedf0c9d0e89f2c624c85b068130ea79e795202b61053499af08,3250925,2024
docs/raw/captures/ULG/log_28_2024-8-14-10-57-30.ulg,fa6d1b5abb8fd4e86ec3c7c3e1d84af2bd714b70eef000e28d279c242539c737,2866247,2024
docs/raw/captures/ULG/log_29_2024-8-14-10-59-36.ulg,e734e9c6358e8c36a9884747ab272c79a701b780588070a38aa80027a6cfaf07,1930216,2024
docs/raw/captures/ULG/log_2_2024-8-6-15-17-52.ulg,f89db1709cf778dbe8bb680bdf4378ffa82030494da64084ed1bc3dd54a23594,153438,2024
docs/raw/captures/ULG/log_30_2024-8-14-11-03-02.ulg,85102b766d2096e0bc830555a87562461a19fc6e152e006c60e2c505da2c7fb5,491264,2024
docs/raw/captures/ULG/log_31_2024-8-14-11-05-22.ulg,029644ccaab625b85a15eabf03221c28a64e36f02ea73e89eb7148cdcdf2b22e,285665,2024
docs/raw/captures/ULG/log_32_2024-8-14-11-05-34.ulg,18844c67a0078902d9b1ff89b56e2784c3fc98cc9c59c78e963e2d75e464412f,284529,2024
docs/raw/captures/ULG/log_33_2024-8-14-11-30-08.ulg,06ebfd923e6640afbb6558edeb7c87546f6deb18f95e5063b431f07b59c10ecf,2420993,2024
docs/raw/captures/ULG/log_34_2024-8-14-11-37-06.ulg,84cef220f4878d4a8c093259da836ce503cea28d70d4e32edabe22dcc70284da,4514911,2024
docs/raw/captures/ULG/log_35_2024-8-14-11-39-12.ulg,41434dfb025ae80d9fccfaee11a8ab71d99719bb16c8a0c780866c432bd04411,458818,2024
docs/raw/captures/ULG/log_36_2024-8-14-11-39-50.ulg,05e9164e93661f13022e0f903e4b21821c3bfc1cc7bb094f58d34c7a647fd0a7,1280415,2024
docs/raw/captures/ULG/log_37_2024-8-14-11-43-28.ulg,e493af05e850c166513c2fd288f1005de5d4a35ba8edee672b0fe26535a93925,765518,2024
docs/raw/captures/ULG/log_38_2024-8-20-16-01-48.ulg,34320aba761837bc5da524c3a0425e11d6e41e6f5ed7855382b4f6527735c8e9,4690296,2024
docs/raw/captures/ULG/log_39_2024-8-20-16-09-22.ulg,4d81e83371656a3787f692b817a062f2b60433d43bd9a0fe46d6bec8696cda60,1916932,2024
docs/raw/captures/ULG/log_3_2024-8-8-14-43-22.ulg,7ccb2934684e21b020c190d87755c9a78e82867e68949ec36cdbad50bc3b27d2,227809,2024
docs/raw/captures/ULG/log_40_2024-8-26-14-21-58.ulg,afc0fccf926c4942ed73be2f486d295642801c487dfdc91a9157633d9949d7e8,4806833,2024
docs/raw/captures/ULG/log_41_2024-8-26-14-33-30.ulg,bffde6296ce237a22c4ab7d391406e6088ea48ec79ea34eaa05de8264609ea79,7419058,2024
docs/raw/captures/ULG/log_42_2024-8-26-14-38-24.ulg,66ddca0346567f38d0e138004a306f05bff41306c5772d01ef071a1ebc44214c,4027125,2024
docs/raw/captures/ULG/log_43_2024-8-26-14-48-44.ulg,20c4712c2f29704c8c9e59ddae6d3532969647829a211a88263391f59d5fe554,4970162,2024
docs/raw/captures/ULG/log_44_2024-8-27-16-39-26.ulg,534462c62cbb4bccf6281c27e585a1f58d411c4d845610181a7c85afbd58920a,1685621,2024
docs/raw/captures/ULG/log_45_2024-8-27-16-42-20.ulg,233aefe3061b7c7658e9b18a2b06e612fc99e28112a300b124636a6b892a6a80,2359463,2024
docs/raw/captures/ULG/log_46_2024-8-28-14-24-02.ulg,ab9f096d0716a47cd138ee6eaf024461e233997f1125eb930b67f0129d35130e,2151997,2024
docs/raw/captures/ULG/log_47_2026-7-2-19-32-14.ulg,6f30c9cd7fa1439bbdd16afd90589bf20729ee614ffe932171d8b5f7ba81ece9,182912,2026
docs/raw/captures/ULG/log_48_2026-7-2-19-32-34.ulg,6dba6d5b13e6e81dd96113ada8c57048a8d5ffe4f417473b1d4cf2e79581c326,334511,2026
docs/raw/captures/ULG/log_49_2026-7-2-19-35-02.ulg,90f21d024b7aaddb238997674357167bc89430995ed30d94640029529b294f28,516329,2026
docs/raw/captures/ULG/log_4_2024-8-8-14-43-50.ulg,5f16acf0654084149c6d85e9a800867da63ed52f80c7b58d3965ac8faea78f00,337032,2024
docs/raw/captures/ULG/log_50_2026-7-2-19-35-16.ulg,af8fab38dc618a0ac9ce8a1f3587654845117a862cbc7e70d7951cc379f1d33a,174647,2026
docs/raw/captures/ULG/log_51_UnknownDate.ulg,609a092f7bf7c69e4d0c0eb1367d1cf91170014f06971bf3436276df7a41c6d7,639943,unknown
docs/raw/captures/ULG/log_52_2026-7-6-16-17-34.ulg,8859c09bd801bce31466647296a5b95d7ce2ad4af3f12f4f9ab2470f4b5c9c8a,540109,2026
docs/raw/captures/ULG/log_53_2026-7-6-16-17-38.ulg,2167b94e1c64fa5fff0b66065f76b8c26e3de6df30e174a558885ceeba7e77eb,241640,2026
docs/raw/captures/ULG/log_54_2026-7-6-16-18-06.ulg,04cdbf4c87195c89ce17a7159d5751a2f477a871b86e1e86c7ee76944ee6ec7c,275937,2026
docs/raw/captures/ULG/log_55_2026-7-6-16-20-00.ulg,be82c5213564f4cd04bc908a18cc053c5c625d6f3b27a39ef189fabf99b3ce3f,375654,2026
docs/raw/captures/ULG/log_56_2026-7-6-16-22-06.ulg,9be47c86d4ebb5e4d110334feb21006ea408c47ea9d8b6e7a3e612db48a3d198,214105,2026
docs/raw/captures/ULG/log_57_2026-7-6-16-23-40.ulg,c927aaabf0b237b8e83f1b7e35d49c6032b49b804da8306c806e08296f48279c,518963,2026
docs/raw/captures/ULG/log_58_2026-7-6-16-24-40.ulg,19755e824f92f6101a9058c9b2f1402f678dac7923ed0d751dc9bc1830ad582b,180598,2026
docs/raw/captures/ULG/log_59_2026-7-6-16-24-42.ulg,308eedfca4687ac9042d3580c130cbac4515d091de86359abc5242c19132c1e6,171961,2026
docs/raw/captures/ULG/log_5_2024-8-8-15-01-02.ulg,25643c51e8f55ca4e466c97f3d2f7a30c0b2c08f173b6e41515c9a0b568269d6,10597540,2024
docs/raw/captures/ULG/log_60_2026-7-6-16-24-50.ulg,dcbb08ac47636a899b066656665d1a4f72a1673feb77bf7fa8a65f5f4504ff59,238591,2026
docs/raw/captures/ULG/log_61_2026-7-6-16-25-32.ulg,3ad59fc572f8690561a3903d817e10e04dc1134206e94f2779ed63ccdd39923a,366595,2026
docs/raw/captures/ULG/log_62_2026-7-6-16-28-12.ulg,f82a0eac4d2aae4154dae129aee5d022c69c377ddf0be1e3794afd38c0a3a560,602865,2026
docs/raw/captures/ULG/log_63_2026-7-6-16-28-34.ulg,edb9d91f87513c418b1ecf6fe518a9548204b8b5f7cb758deaaef67f75683283,235478,2026
docs/raw/captures/ULG/log_64_2026-7-6-16-30-32.ulg,c9b377d029e0f67ea9d71eb371fd549aebd15553009b10018523495e2739de7f,524178,2026
docs/raw/captures/ULG/log_65_2026-7-6-16-30-44.ulg,fe3b1811f6d74ace22e3d2fde60b92f3ffaba36b74f9defedfe6df9bc4b41b4d,263444,2026
docs/raw/captures/ULG/log_66_2026-7-6-16-30-58.ulg,3d2ee27dee45e2e6be6884a9e0a812e955db7a76498ae5df1d336957317705e2,522520,2026
docs/raw/captures/ULG/log_67_2026-7-6-16-32-34.ulg,aedf850c788fba515ec1ad215512bc1cd1c7734ed9a32720e9d03df11bc3dc10,436506,2026
docs/raw/captures/ULG/log_68_2026-7-6-16-37-40.ulg,66921e89976fb7c9ff4d80f95221d0a40f301e9019e380dc3d837b6998d806ce,175807,2026
docs/raw/captures/ULG/log_69_2026-7-6-16-37-52.ulg,1db73707304bf53d5a2ed9ec4bde6e4848194c42346bbdcdec915785f90622d9,327454,2026
docs/raw/captures/ULG/log_6_2024-8-8-15-11-48.ulg,484598c53d239e4d6f00c102a720d041647f5e052181ef6e76aa0ad781de86c3,417500,2024
docs/raw/captures/ULG/log_70_2026-7-6-16-37-58.ulg,274bcb4fa315ba4a3ae75baeea519dcacbfbf78f04087051fce327580eab695e,178684,2026
docs/raw/captures/ULG/log_71_2026-7-6-16-38-14.ulg,25c63af64b11c1f475857c9d90a189f1f16a63ff232e9537b47b142845db62b4,314439,2026
docs/raw/captures/ULG/log_72_2026-7-7-15-31-46.ulg,e5fdb8ec7aca65e5598a29668d783bf7f97e929223a3354e4a6269ed83fa228f,168568,2026
docs/raw/captures/ULG/log_73_2026-7-7-15-32-24.ulg,a692a433103bfe3adf4591b5865381ce4060f9e0b53760715fdc118ab1c17cdd,646605,2026
docs/raw/captures/ULG/log_74_2026-7-7-15-35-00.ulg,4cd31b37f335e774cbca1ffadf1228816eef9a94d5ccbbe0d32c7cb7ea487874,2122720,2026
docs/raw/captures/ULG/log_75_2026-7-7-15-37-44.ulg,20fe0695138572708f38f87896693f4af6bbb8885a60155c05dded0611959c45,534292,2026
docs/raw/captures/ULG/log_76_2026-7-7-15-39-02.ulg,5b43e0306495710dfb05326db3cd010b2261e415f00cc3bf4f2ee173e1c579f1,2051455,2026
docs/raw/captures/ULG/log_77_2026-7-7-15-41-40.ulg,38f1e184101c777ecacd1103b425f6d52728f3692294667eb73224b759448bc9,164706,2026
docs/raw/captures/ULG/log_78_2026-7-7-15-42-32.ulg,91a52472fab5553138c8a9f9e4626087c3551b151560de1f7ff32e96f06b36ce,364222,2026
docs/raw/captures/ULG/log_79_2026-7-7-15-43-44.ulg,b54c422131e27b748d5a45513982f13564359ce06015969d1e798b78a3698d7d,2946304,2026
docs/raw/captures/ULG/log_7_2024-8-8-15-15-58.ulg,f88b0618f09fbca37f496745157313dbcb17ee998176d2b1c197a00341ec05b5,2597471,2024
docs/raw/captures/ULG/log_80_2026-7-7-15-59-54.ulg,546f3d774016ed70015accbb0457c6aceb91d010d2fd5fe7759ec4515de8defe,1009556,2026
docs/raw/captures/ULG/log_81_2026-7-7-16-02-08.ulg,8c934331c4909c71262704eb5c2103a5ed23e39ef0089293f5490cc2646729ae,2088936,2026
docs/raw/captures/ULG/log_82_2026-7-7-16-04-28.ulg,8febebca8f23752041356e42166141b637459c171f14e718d362c5511687ca87,3061365,2026
docs/raw/captures/ULG/log_83_2026-7-7-16-07-36.ulg,072a5af8e231fca2e0d542fcd1540022b2520c2523fcc88066a9f56e3dbe71a4,867391,2026
docs/raw/captures/ULG/log_84_2026-7-7-16-09-56.ulg,cc0897611bff0e01ab0a27fa320e1ea2393ede7e7b8832b00cd60e1c3282d2c2,468674,2026
docs/raw/captures/ULG/log_85_2026-7-7-16-10-24.ulg,ef7a8c0d0835f612636da00fb871c1f8c2775570efff06dd4a7a6333be5207ef,1128491,2026
docs/raw/captures/ULG/log_86_2026-7-7-16-13-52.ulg,3196ca4d4894395a9166a39b5155b6ed1798e488f6fefaa8d545e161a0197898,7431258,2026
docs/raw/captures/ULG/log_87_2026-7-21-10-38-52.ulg,3b61464e38eee3c868b50fe606ec15ca3a207795008e0e31b5237b646dfb999a,182069,2026
docs/raw/captures/ULG/log_88_2026-7-22-17-52-54.ulg,7ad7866b6e0ea1a9afb8e2f18ae8735d253e088d4d8bfcb2b1ed3e68e65b51e7,172646,2026
docs/raw/captures/ULG/log_89_2026-8-3-13-29-38.ulg,025353b1d66f793ace0fd44786274a5dff1ffd36a45a6f0a9d562dc00c5b9f01,167955,2026
docs/raw/captures/ULG/log_8_2024-8-8-15-19-42.ulg,60d9615cdc79d9a8adf51030c5edb02633a59104d0186f4094711b772e714244,431617,2024
docs/raw/captures/ULG/log_90_2026-8-3-14-04-46.ulg,5e40060520268667ebab88beeebc9865408a6e91ccb382282c2ba6e507201d8b,479647,2026
docs/raw/captures/ULG/log_91_2026-8-3-14-04-50.ulg,e37c9a447b6c1265cf9c2e25b5b7df9c7e0f989adf18f0e376c3a04b6f76ded7,174426,2026
docs/raw/captures/ULG/log_92_2026-8-3-14-05-02.ulg,d4b47bf9e076446dd78ad3c99586cbc42e9b5ef0e1822b9ddd693d258d058225,177597,2026
docs/raw/captures/ULG/log_93_2026-8-3-14-49-28.ulg,2a678e9bf0a6335a17ec7f5b8e602314a7db21ef2cf37811ae61b8318c2d08e7,333181,2026
docs/raw/captures/ULG/log_94_2026-8-3-14-49-40.ulg,0f0455449c772580ebdefccd4494fa7e72c5a2068721d600bf5538afed5d5372,327655,2026
docs/raw/captures/ULG/log_95_2026-8-10-21-31-50.ulg,4f079724e808a55aad59a7db46b0718c8c10cb35c140be1b07e59092ea16d2b1,225779,2026
docs/raw/captures/ULG/log_96_2026-8-12-15-23-22.ulg,6547a9436f5572db1fa9baca67f897da4c95fa8581fa3244df37c9c8f4b30e12,262644,2026
docs/raw/captures/ULG/log_97_2026-8-12-15-26-18.ulg,ae3a7f15f8d60671894af5a86a7212c343beb7776840a2172e5a27953e7bea9b,1682612,2026
docs/raw/captures/ULG/log_98_2026-8-20-14-06-02.ulg,854e82464f004b555cd7056e395b84901258e2714c759f7d52952b9fcf780893,1879659,2026
docs/raw/captures/ULG/log_9_2024-8-8-15-22-28.ulg,b406312ca88759d5baa7bc15ffb89a2253b260e766fb0172db56ca8a184c8f07,4373225,2024
